USE WeShare;

CREATE TABLE `Coworker`
(
  `coworker_id` integer NOT NULL AUTO_INCREMENT ,
  `first_name`  varchar(45) NOT NULL ,
  `last_name`   varchar(45) NOT NULL ,
  `email`       varchar(45) NOT NULL ,
  `gender`      VARCHAR(45) NOT NULL ,
  `username`    VARCHAR(45) NOT NULL ,
	`password`    VARCHAR(60) NOT NULL ,
  `address`     varchar(45) NOT NULL ,
  `postal_area` varchar(45) NOT NULL ,
  `city`        varchar(45) NOT NULL ,
  `state`       varchar(45) NOT NULL ,
  `country`     varchar(45) NOT NULL ,
  PRIMARY KEY (`coworker_id`)
);

CREATE TABLE `Manager`
(
  `manager_id` integer NOT NULL,
	`first_name` VARCHAR(50),
	`last_name` VARCHAR(50),
	`email` VARCHAR(50),
	`address` VARCHAR(50),
	`postal_area` VARCHAR(50),
	`city` VARCHAR(50),
	`state` VARCHAR(50),
	`country` VARCHAR(50),
  PRIMARY KEY (`manager_id`)
);

CREATE TABLE `CoworkingSpace`
(
  `cws_id`      integer NOT NULL ,
  `name`        varchar(45) NOT NULL ,
  `address`     varchar(45) NOT NULL ,
  `image_url`   varchar(2083) ,
  `currency`    char(3) NOT NULL ,
  `day_price`   integer NOT NULL ,
  `description` varchar(2000) NOT NULL ,
  `rating`      float ,
  `postal_area` varchar(10) NOT NULL ,
  `city`        varchar(45) NOT NULL ,
  `state`       varchar(45) NOT NULL ,
  `country`     varchar(45) NOT NULL ,
  `latitude`    float NOT NULL ,
  `longitude`   float NOT NULL ,
  `week_price`  integer NOT NULL ,
  `month_price` integer NOT NULL ,
  `manager_id`  integer NOT NULL ,
  PRIMARY KEY (`cws_id`),
  FOREIGN KEY (`manager_id`) REFERENCES `Manager` (`manager_id`)
);

CREATE TABLE `Review`
(
  `title`       varchar(45) NOT NULL ,
  `comment`     varchar(2000) NOT NULL ,
  `rating`      float NOT NULL ,
  `cws_id`          integer NOT NULL ,
  `coworker_id` integer NOT NULL ,
  PRIMARY KEY (`cws_id`, `coworker_id`),
  FOREIGN KEY (`coworker_id`) REFERENCES `Coworker` (`coworker_id`),
  FOREIGN KEY (`cws_id`) REFERENCES `CoworkingSpace` (`cws_id`)
);

insert into Manager (manager_id, first_name, last_name, email, address, postal_area, city, state, country) values (1, 'Dante', 'Law', 'dlaw0@lycos.com', '13 Hoffman Terrace', '85053', 'Phoenix', 'Arizona', 'United States');
insert into Manager (manager_id, first_name, last_name, email, address, postal_area, city, state, country) values (2, 'Guthry', 'Josephoff', 'gjosephoff1@washingtonpost.com', '99 Browning Lane', '85743', 'Tucson', 'Arizona', 'United States');
insert into Manager (manager_id, first_name, last_name, email, address, postal_area, city, state, country) values (3, 'Nappie', 'Belhome', 'nbelhome2@google.ru', '00307 Beilfuss Center', 'R8N', 'Thompson', 'Manitoba', 'Canada');
insert into Manager (manager_id, first_name, last_name, email, address, postal_area, city, state, country) values (4, 'Markos', 'Blachford', 'mblachford3@weibo.com', '396 Elmside Terrace', 'V9P', 'Parksville', 'British Columbia', 'Canada');
insert into Manager (manager_id, first_name, last_name, email, address, postal_area, city, state, country) values (5, 'Velvet', 'Carlet', 'vcarlet4@ebay.co.uk', '76 Kingsford Way', '43240', 'Columbus', 'Ohio', 'United States');
insert into Manager (manager_id, first_name, last_name, email, address, postal_area, city, state, country) values (6, 'Jaine', 'Nayer', 'jnayer5@globo.com', '36150 Sunnyside Crossing', '01905', 'Lynn', 'Massachusetts', 'United States');
insert into Manager (manager_id, first_name, last_name, email, address, postal_area, city, state, country) values (7, 'Farleigh', 'Tulleth', 'ftulleth6@hugedomains.com', '1 Delaware Circle', 'V9C', 'Metchosin', 'British Columbia', 'Canada');
insert into Manager (manager_id, first_name, last_name, email, address, postal_area, city, state, country) values (8, 'Oberon', 'Wilkison', 'owilkison7@uol.com.br', '69 Emmet Crossing', 'J8Y', 'Ottawa', 'Ontario', 'Canada');
insert into Manager (manager_id, first_name, last_name, email, address, postal_area, city, state, country) values (9, 'Willabella', 'Colbran', 'wcolbran8@oakley.com', '2759 Ruskin Trail', '33169', 'Miami', 'Florida', 'United States');
insert into Manager (manager_id, first_name, last_name, email, address, postal_area, city, state, country) values (10, 'Heidie', 'Mingardo', 'hmingardo9@hc360.com', '16282 Dwight Trail', '47737', 'Evansville', 'Indiana', 'United States');
insert into Manager (manager_id, first_name, last_name, email, address, postal_area, city, state, country) values (11, 'Benjie', 'Keyho', 'bkeyhoa@mit.edu', '22 Hovde Alley', '15255', 'Pittsburgh', 'Pennsylvania', 'United States');
insert into Manager (manager_id, first_name, last_name, email, address, postal_area, city, state, country) values (12, 'Bunny', 'Gullivent', 'bgulliventb@t-online.de', '96373 Buell Terrace', '97075', 'Beaverton', 'Oregon', 'United States');
insert into Manager (manager_id, first_name, last_name, email, address, postal_area, city, state, country) values (13, 'Anne-corinne', 'Cass', 'acassc@stumbleupon.com', '41 Truax Terrace', 'E7M', 'Woodstock', 'Ontario', 'Canada');
insert into Manager (manager_id, first_name, last_name, email, address, postal_area, city, state, country) values (14, 'Keen', 'Pohlke', 'kpohlked@cbc.ca', '9355 Hooker Crossing', '23663', 'Hampton', 'Virginia', 'United States');
insert into Manager (manager_id, first_name, last_name, email, address, postal_area, city, state, country) values (15, 'Maggi', 'Gisby', 'mgisbye@xinhuanet.com', '971 Straubel Way', 'H9X', 'L''Île-Perrot', 'Québec', 'Canada');
insert into Manager (manager_id, first_name, last_name, email, address, postal_area, city, state, country) values (16, 'Olivette', 'Grichukhin', 'ogrichukhinf@fotki.com', '08154 Pennsylvania Junction', 'L1Z', 'Ajax', 'Ontario', 'Canada');
insert into Manager (manager_id, first_name, last_name, email, address, postal_area, city, state, country) values (17, 'Keith', 'Manclark', 'kmanclarkg@dell.com', '7509 Loftsgordon Plaza', '06510', 'New Haven', 'Connecticut', 'United States');
insert into Manager (manager_id, first_name, last_name, email, address, postal_area, city, state, country) values (18, 'Rheba', 'Goodlad', 'rgoodladh@bloglovin.com', '64490 Sunbrook Center', 'J6V', 'Repentigny', 'Québec', 'Canada');
insert into Manager (manager_id, first_name, last_name, email, address, postal_area, city, state, country) values (19, 'Vaughan', 'Rowson', 'vrowsoni@admin.ch', '03 Comanche Terrace', '85715', 'Tucson', 'Arizona', 'United States');
insert into Manager (manager_id, first_name, last_name, email, address, postal_area, city, state, country) values (20, 'Ellen', 'Henderson', 'ehendersonj@boston.com', '19 Dovetail Hill', 'J9T', 'Amos', 'Québec', 'Canada');
insert into Manager (manager_id, first_name, last_name, email, address, postal_area, city, state, country) values (21, 'Suzanne', 'Canfer', 'scanferk@clickbank.net', '3645 New Castle Point', '06127', 'West Hartford', 'Connecticut', 'United States');
insert into Manager (manager_id, first_name, last_name, email, address, postal_area, city, state, country) values (22, 'Yorke', 'Franciottoi', 'yfranciottoil@deviantart.com', '4 Bellgrove Hill', '02912', 'Providence', 'Rhode Island', 'United States');
insert into Manager (manager_id, first_name, last_name, email, address, postal_area, city, state, country) values (23, 'Carey', 'Tinn', 'ctinnm@topsy.com', '3018 Kensington Drive', '33405', 'West Palm Beach', 'Florida', 'United States');
insert into Manager (manager_id, first_name, last_name, email, address, postal_area, city, state, country) values (24, 'Johnnie', 'MacCrackan', 'jmaccrackann@hud.gov', '7944 3rd Way', '77085', 'Houston', 'Texas', 'United States');
insert into Manager (manager_id, first_name, last_name, email, address, postal_area, city, state, country) values (25, 'Kassi', 'Fookes', 'kfookeso@washingtonpost.com', '337 Caliangt Circle', 'K1Y', 'Atikokan', 'Ontario', 'Canada');
insert into Manager (manager_id, first_name, last_name, email, address, postal_area, city, state, country) values (26, 'Pincas', 'Durrance', 'pdurrancep@symantec.com', '9 Larry Terrace', 'V3B', 'Coquitlam', 'British Columbia', 'Canada');
insert into Manager (manager_id, first_name, last_name, email, address, postal_area, city, state, country) values (27, 'Godfry', 'McAuley', 'gmcauleyq@chicagotribune.com', '80701 Huxley Plaza', '35254', 'Birmingham', 'Alabama', 'United States');
insert into Manager (manager_id, first_name, last_name, email, address, postal_area, city, state, country) values (28, 'Tate', 'Storry', 'tstorryr@ihg.com', '39088 Dakota Parkway', '40515', 'Lexington', 'Kentucky', 'United States');
insert into Manager (manager_id, first_name, last_name, email, address, postal_area, city, state, country) values (29, 'Sacha', 'Jarratt', 'sjarratts@wired.com', '6 Dennis Plaza', 'M4H', 'Burns Lake', 'British Columbia', 'Canada');
insert into Manager (manager_id, first_name, last_name, email, address, postal_area, city, state, country) values (30, 'Nancie', 'Harnes', 'nharnest@php.net', '39399 Warner Street', '33141', 'Miami Beach', 'Florida', 'United States');
insert into Manager (manager_id, first_name, last_name, email, address, postal_area, city, state, country) values (31, 'Valida', 'Keeltagh', 'vkeeltaghu@clickbank.net', '9780 Tony Parkway', '32128', 'Daytona Beach', 'Florida', 'United States');
insert into Manager (manager_id, first_name, last_name, email, address, postal_area, city, state, country) values (32, 'Kai', 'Hought', 'khoughtv@earthlink.net', '3 American Parkway', 'T8H', 'Kingsey Falls', 'Québec', 'Canada');
insert into Manager (manager_id, first_name, last_name, email, address, postal_area, city, state, country) values (33, 'Russell', 'Neames', 'rneamesw@rakuten.co.jp', '696 Debs Pass', 'J7A', 'Lanigan', 'Saskatchewan', 'Canada');
insert into Manager (manager_id, first_name, last_name, email, address, postal_area, city, state, country) values (34, 'Paxon', 'covino', 'pcovinox@nyu.edu', '16223 Blackbird Road', '22184', 'Vienna', 'Virginia', 'United States');
insert into Manager (manager_id, first_name, last_name, email, address, postal_area, city, state, country) values (35, 'Rorie', 'Cookman', 'rcookmany@printfriendly.com', '871 Laurel Park', '44105', 'Cleveland', 'Ohio', 'United States');
insert into Manager (manager_id, first_name, last_name, email, address, postal_area, city, state, country) values (36, 'Adrianne', 'Filipovic', 'afilipovicz@blogs.com', '7708 Holmberg Parkway', '62705', 'Springfield', 'Illinois', 'United States');
insert into Manager (manager_id, first_name, last_name, email, address, postal_area, city, state, country) values (37, 'Modestia', 'McDuff', 'mmcduff10@hugedomains.com', '32 Jay Hill', 'N2E', 'Lamont', 'Alberta', 'Canada');
insert into Manager (manager_id, first_name, last_name, email, address, postal_area, city, state, country) values (38, 'Orson', 'Grouen', 'ogrouen11@w3.org', '22 Kenwood Street', '10170', 'New York City', 'New York', 'United States');
insert into Manager (manager_id, first_name, last_name, email, address, postal_area, city, state, country) values (39, 'Licha', 'Brownsett', 'lbrownsett12@vk.com', '096 Spenser Drive', 'H9W', 'Beaconsfield', 'Québec', 'Canada');
insert into Manager (manager_id, first_name, last_name, email, address, postal_area, city, state, country) values (40, 'Filberte', 'Maltman', 'fmaltman13@yelp.com', '1482 Laurel Plaza', '30089', 'Decatur', 'Georgia', 'United States');
insert into Manager (manager_id, first_name, last_name, email, address, postal_area, city, state, country) values (41, 'Beckie', 'Tooker', 'btooker14@sciencedaily.com', '6 Oriole Avenue', '49544', 'Grand Rapids', 'Michigan', 'United States');
insert into Manager (manager_id, first_name, last_name, email, address, postal_area, city, state, country) values (42, 'Stepha', 'Bottelstone', 'sbottelstone15@rakuten.co.jp', '80566 Heffernan Point', '32605', 'Gainesville', 'Florida', 'United States');
insert into Manager (manager_id, first_name, last_name, email, address, postal_area, city, state, country) values (43, 'Olga', 'Dennehy', 'odennehy16@lycos.com', '4 Heath Terrace', 'T1P', 'Kerrobert', 'Saskatchewan', 'Canada');
insert into Manager (manager_id, first_name, last_name, email, address, postal_area, city, state, country) values (44, 'Lorettalorna', 'Mcsarry', 'lmcsarry17@globo.com', '773 Schurz Plaza', '21239', 'Baltimore', 'Maryland', 'United States');
insert into Manager (manager_id, first_name, last_name, email, address, postal_area, city, state, country) values (45, 'Sylas', 'Crosseland', 'scrosseland18@mapy.cz', '654 Oneill Circle', 'J6W', 'Bedford', 'Québec', 'Canada');
insert into Manager (manager_id, first_name, last_name, email, address, postal_area, city, state, country) values (46, 'Saraann', 'Repp', 'srepp19@seesaa.net', '29234 Hazelcrest Way', '88574', 'El Paso', 'Texas', 'United States');
insert into Manager (manager_id, first_name, last_name, email, address, postal_area, city, state, country) values (47, 'Wittie', 'Udden', 'wudden1a@github.io', '64558 Hoffman Junction', '88530', 'El Paso', 'Texas', 'United States');
insert into Manager (manager_id, first_name, last_name, email, address, postal_area, city, state, country) values (48, 'Bald', 'Cammidge', 'bcammidge1b@google.ca', '6 Leroy Court', '47737', 'Evansville', 'Indiana', 'United States');
insert into Manager (manager_id, first_name, last_name, email, address, postal_area, city, state, country) values (49, 'Rudolf', 'Heinzel', 'rheinzel1c@ucla.edu', '46129 Annamark Drive', '37205', 'Nashville', 'Tennessee', 'United States');
insert into Manager (manager_id, first_name, last_name, email, address, postal_area, city, state, country) values (50, 'Jerry', 'Skeech', 'jskeech1d@bravesites.com', '002 Boyd Center', '55572', 'Maple Plain', 'Minnesota', 'United States');
insert into Manager (manager_id, first_name, last_name, email, address, postal_area, city, state, country) values (51, 'Isidora', 'Coltan', 'icoltan1e@skyrock.com', '1 Rigney Way', '88525', 'El Paso', 'Texas', 'United States');
insert into Manager (manager_id, first_name, last_name, email, address, postal_area, city, state, country) values (52, 'Zeke', 'Charopen', 'zcharopen1f@census.gov', '5 Crowley Drive', 'T4L', 'Lacombe', 'Alberta', 'Canada');
insert into Manager (manager_id, first_name, last_name, email, address, postal_area, city, state, country) values (53, 'Netty', 'Deason', 'ndeason1g@tripadvisor.com', '27 Dorton Terrace', '77090', 'Houston', 'Texas', 'United States');
insert into Manager (manager_id, first_name, last_name, email, address, postal_area, city, state, country) values (54, 'Wendi', 'Gourlay', 'wgourlay1h@last.fm', '3076 Texas Road', 'G6L', 'Plessisville', 'Québec', 'Canada');
insert into Manager (manager_id, first_name, last_name, email, address, postal_area, city, state, country) values (55, 'Edmund', 'Cutress', 'ecutress1i@tinypic.com', '2298 Longview Center', '50320', 'Des Moines', 'Iowa', 'United States');
insert into Manager (manager_id, first_name, last_name, email, address, postal_area, city, state, country) values (56, 'Heall', 'Maskelyne', 'hmaskelyne1j@opera.com', '0 Gerald Trail', 'K4K', 'Clarence-Rockland', 'Ontario', 'Canada');
insert into Manager (manager_id, first_name, last_name, email, address, postal_area, city, state, country) values (57, 'Idell', 'Arndell', 'iarndell1k@elpais.com', '8998 Sutherland Point', '73190', 'Oklahoma City', 'Oklahoma', 'United States');
insert into Manager (manager_id, first_name, last_name, email, address, postal_area, city, state, country) values (58, 'Ben', 'MacCambridge', 'bmaccambridge1l@techcrunch.com', '61365 Shasta Parkway', 'G7S', 'Boissevain', 'Manitoba', 'Canada');
insert into Manager (manager_id, first_name, last_name, email, address, postal_area, city, state, country) values (59, 'Homere', 'Jiras', 'hjiras1m@wordpress.com', '265 Linden Drive', '37931', 'Knoxville', 'Tennessee', 'United States');
insert into Manager (manager_id, first_name, last_name, email, address, postal_area, city, state, country) values (60, 'Wallache', 'Steer', 'wsteer1n@lulu.com', '48 Texas Hill', 'H9X', 'Sainte-Anne-de-Bellevue', 'Québec', 'Canada');
insert into Manager (manager_id, first_name, last_name, email, address, postal_area, city, state, country) values (61, 'Cathy', 'Stopps', 'cstopps1o@howstuffworks.com', '8 Novick Place', '20470', 'Washington', 'District of Columbia', 'United States');
insert into Manager (manager_id, first_name, last_name, email, address, postal_area, city, state, country) values (62, 'Mercie', 'Ramelot', 'mramelot1p@fastcompany.com', '09 West Plaza', 'L2A', 'Fort Erie', 'Ontario', 'Canada');
insert into Manager (manager_id, first_name, last_name, email, address, postal_area, city, state, country) values (63, 'Adamo', 'Lieb', 'alieb1q@prlog.org', '42 Mariners Cove Crossing', 'G5J', 'Saint-Augustin', 'Québec', 'Canada');
insert into Manager (manager_id, first_name, last_name, email, address, postal_area, city, state, country) values (64, 'Ettie', 'Chinnick', 'echinnick1r@independent.co.uk', '85138 Bashford Hill', 'N9A', 'Chester', 'Nova Scotia', 'Canada');
insert into Manager (manager_id, first_name, last_name, email, address, postal_area, city, state, country) values (65, 'Kimberlee', 'Poulston', 'kpoulston1s@ocn.ne.jp', '80 Doe Crossing Alley', '80279', 'Denver', 'Colorado', 'United States');
insert into Manager (manager_id, first_name, last_name, email, address, postal_area, city, state, country) values (66, 'Reuben', 'Kippax', 'rkippax1t@fda.gov', '0763 Armistice Road', 'B1V', 'Sydney Mines', 'Nova Scotia', 'Canada');
insert into Manager (manager_id, first_name, last_name, email, address, postal_area, city, state, country) values (67, 'Ainslie', 'Jouanny', 'ajouanny1u@cisco.com', '9 Luster Street', '52410', 'Cedar Rapids', 'Iowa', 'United States');
insert into Manager (manager_id, first_name, last_name, email, address, postal_area, city, state, country) values (68, 'Roze', 'Glasscoe', 'rglasscoe1v@linkedin.com', '592 Oneill Avenue', 'J6W', 'Bedford', 'Québec', 'Canada');
insert into Manager (manager_id, first_name, last_name, email, address, postal_area, city, state, country) values (69, 'Evangelia', 'Eva', 'eeva1w@domainmarket.com', '0 Heffernan Court', 'J3X', 'Varennes', 'Québec', 'Canada');
insert into Manager (manager_id, first_name, last_name, email, address, postal_area, city, state, country) values (70, 'Jere', 'Urwen', 'jurwen1x@slideshare.net', '1708 Beilfuss Avenue', 'N9A', 'Chester', 'Nova Scotia', 'Canada');
insert into Manager (manager_id, first_name, last_name, email, address, postal_area, city, state, country) values (71, 'Temp', 'Cobbin', 'tcobbin1y@techcrunch.com', '2 Everett Trail', '78769', 'Austin', 'Texas', 'United States');
insert into Manager (manager_id, first_name, last_name, email, address, postal_area, city, state, country) values (72, 'Weston', 'Grimley', 'wgrimley1z@si.edu', '413 Mallory Trail', '11407', 'Jamaica', 'New York', 'United States');
insert into Manager (manager_id, first_name, last_name, email, address, postal_area, city, state, country) values (73, 'Agnes', 'Farfalameev', 'afarfalameev20@hud.gov', '6308 Carey Alley', 'L6J', 'Oakville', 'Ontario', 'Canada');
insert into Manager (manager_id, first_name, last_name, email, address, postal_area, city, state, country) values (74, 'Elysha', 'Delap', 'edelap21@usnews.com', '624 Bowman Plaza', 'T9C', 'Vegreville', 'Alberta', 'Canada');
insert into Manager (manager_id, first_name, last_name, email, address, postal_area, city, state, country) values (75, 'Avrit', 'Simonsen', 'asimonsen22@ezinearticles.com', '75981 Westerfield Lane', '64082', 'Lees Summit', 'Missouri', 'United States');
insert into Manager (manager_id, first_name, last_name, email, address, postal_area, city, state, country) values (76, 'Annadiane', 'Wharrier', 'awharrier23@istockphoto.com', '46430 Farmco Road', 'S9A', 'North Battleford', 'Saskatchewan', 'Canada');
insert into Manager (manager_id, first_name, last_name, email, address, postal_area, city, state, country) values (77, 'Ervin', 'Cush', 'ecush24@jimdo.com', '8870 Bayside Alley', '98664', 'Vancouver', 'Washington', 'United States');
insert into Manager (manager_id, first_name, last_name, email, address, postal_area, city, state, country) values (78, 'Sandro', 'Seldner', 'sseldner25@wikipedia.org', '23027 Dovetail Road', '50393', 'Des Moines', 'Iowa', 'United States');
insert into Manager (manager_id, first_name, last_name, email, address, postal_area, city, state, country) values (79, 'Lorinda', 'Ashurst', 'lashurst26@de.vu', '0 Tony Way', '53263', 'Milwaukee', 'Wisconsin', 'United States');
insert into Manager (manager_id, first_name, last_name, email, address, postal_area, city, state, country) values (80, 'Thurston', 'Bramwich', 'tbramwich27@bandcamp.com', '1 Southridge Park', '98195', 'Seattle', 'Washington', 'United States');
insert into Manager (manager_id, first_name, last_name, email, address, postal_area, city, state, country) values (81, 'Sabina', 'Sewart', 'ssewart28@rakuten.co.jp', '5609 Browning Junction', '32819', 'Orlando', 'Florida', 'United States');
insert into Manager (manager_id, first_name, last_name, email, address, postal_area, city, state, country) values (82, 'Jodie', 'Lambersen', 'jlambersen29@techcrunch.com', '389 Eagan Parkway', 'E4G', 'Viking', 'Alberta', 'Canada');
insert into Manager (manager_id, first_name, last_name, email, address, postal_area, city, state, country) values (83, 'Janie', 'Chainey', 'jchainey2a@godaddy.com', '8 Mccormick Pass', 'J1X', 'Magog', 'Québec', 'Canada');
insert into Manager (manager_id, first_name, last_name, email, address, postal_area, city, state, country) values (84, 'Kristoforo', 'Carr', 'kcarr2b@seattletimes.com', '64516 Welch Court', 'G5B', 'Port-Cartier', 'Québec', 'Canada');
insert into Manager (manager_id, first_name, last_name, email, address, postal_area, city, state, country) values (85, 'Olivier', 'De Mitri', 'odemitri2c@theatlantic.com', '63 Helena Pass', 'L4S', 'Fort Smith', 'Northwest Territories', 'Canada');
insert into Manager (manager_id, first_name, last_name, email, address, postal_area, city, state, country) values (86, 'Bobbie', 'Alenichev', 'balenichev2d@independent.co.uk', '6 Hooker Junction', '55448', 'Minneapolis', 'Minnesota', 'United States');
insert into Manager (manager_id, first_name, last_name, email, address, postal_area, city, state, country) values (87, 'Avril', 'Hodgen', 'ahodgen2e@cbc.ca', '775 Stang Point', 'J8Y', 'Angus', 'Ontario', 'Canada');
insert into Manager (manager_id, first_name, last_name, email, address, postal_area, city, state, country) values (88, 'Leo', 'Jakubowsky', 'ljakubowsky2f@youtu.be', '53 Hermina Center', '02912', 'Providence', 'Rhode Island', 'United States');
insert into Manager (manager_id, first_name, last_name, email, address, postal_area, city, state, country) values (89, 'Jeremias', 'Bassom', 'jbassom2g@vistaprint.com', '820 Del Sol Crossing', 'M4C', 'Cookshire-Eaton', 'Québec', 'Canada');
insert into Manager (manager_id, first_name, last_name, email, address, postal_area, city, state, country) values (90, 'Noah', 'Fullman', 'nfullman2h@fotki.com', '19311 Merry Park', '23514', 'Norfolk', 'Virginia', 'United States');
insert into Manager (manager_id, first_name, last_name, email, address, postal_area, city, state, country) values (91, 'Margarette', 'Dumbrall', 'mdumbrall2i@howstuffworks.com', '3 Manley Junction', 'V1Y', 'Kelowna', 'British Columbia', 'Canada');
insert into Manager (manager_id, first_name, last_name, email, address, postal_area, city, state, country) values (92, 'Meghann', 'Shelly', 'mshelly2j@com.com', '393 Green Ridge Parkway', '22908', 'Charlottesville', 'Virginia', 'United States');
insert into Manager (manager_id, first_name, last_name, email, address, postal_area, city, state, country) values (93, 'Elisha', 'Corter', 'ecorter2k@whitehouse.gov', '39421 Golf Avenue', 'L4S', 'Fort Smith', 'Northwest Territories', 'Canada');
insert into Manager (manager_id, first_name, last_name, email, address, postal_area, city, state, country) values (94, 'Jozef', 'Hexam', 'jhexam2l@yale.edu', '4 6th Pass', '85215', 'Mesa', 'Arizona', 'United States');
insert into Manager (manager_id, first_name, last_name, email, address, postal_area, city, state, country) values (95, 'Parnell', 'Wallas', 'pwallas2m@theglobeandmail.com', '7559 Pierstorff Avenue', '35487', 'Tuscaloosa', 'Alabama', 'United States');
insert into Manager (manager_id, first_name, last_name, email, address, postal_area, city, state, country) values (96, 'Rafa', 'Andryunin', 'randryunin2n@smh.com.au', '0026 Sloan Lane', '96835', 'Honolulu', 'Hawaii', 'United States');
insert into Manager (manager_id, first_name, last_name, email, address, postal_area, city, state, country) values (97, 'Marjorie', 'Dundendale', 'mdundendale2o@feedburner.com', '92073 Heath Terrace', 'R2J', 'Kamsack', 'Saskatchewan', 'Canada');
insert into Manager (manager_id, first_name, last_name, email, address, postal_area, city, state, country) values (98, 'Rita', 'Breakey', 'rbreakey2p@ebay.com', '2609 Spaight Pass', '50362', 'Des Moines', 'Iowa', 'United States');
insert into Manager (manager_id, first_name, last_name, email, address, postal_area, city, state, country) values (99, 'Gerald', 'Garbett', 'ggarbett2q@whitehouse.gov', '559 Golf View Pass', 'K7R', 'Greater Napanee', 'Ontario', 'Canada');
insert into Manager (manager_id, first_name, last_name, email, address, postal_area, city, state, country) values (100, 'Pen', 'Harrad', 'pharrad2r@instagram.com', '373 Kropf Point', '78285', 'San Antonio', 'Texas', 'United States');



insert into Coworker (coworker_id, first_name, last_name, email, gender, username, password, address, postal_area, city, state, country) values (1, 'Garner', 'Traviss', 'gtraviss0@bbc.co.uk', 'Male', 'gtraviss0', '388539141f2a50952e67cf0b6f5f3810', '7256 Mcguire Pass', '19191', 'Philadelphia', 'Pennsylvania', 'United States');
insert into Coworker (coworker_id, first_name, last_name, email, gender, username, password, address, postal_area, city, state, country) values (2, 'Deedee', 'Cathee', 'dcathee1@ucsd.edu', 'Female', 'dcathee1', '8c0eb5b1ab28e3351a6554ff04ac37af', '54 Schiller Alley', '54076 CEDEX', 'Nancy', 'Lorraine', 'France');
insert into Coworker (coworker_id, first_name, last_name, email, gender, username, password, address, postal_area, city, state, country) values (3, 'Lou', 'Rittelmeyer', 'lrittelmeyer2@ow.ly', 'Female', 'lrittelmeyer2', '3bf789ff347c991e4fff8ed756d83067', '3 Drewry Point', '06520', 'New Haven', 'Connecticut', 'United States');
insert into Coworker (coworker_id, first_name, last_name, email, gender, username, password, address, postal_area, city, state, country) values (4, 'Sherye', 'Davitashvili', 'sdavitashvili3@businesswire.com', 'Female', 'sdavitashvili3', 'caed3ba4d86e0ef2cd3c198e85199b53', '023 Starling Center', '44966 CEDEX 9', 'Nantes', 'Pays de la Loire', 'France');
insert into Coworker (coworker_id, first_name, last_name, email, gender, username, password, address, postal_area, city, state, country) values (5, 'Remus', 'Humberston', 'rhumberston4@wikipedia.org', 'Male', 'rhumberston4', '8fd1781a20a1af3b7cd3e98b866a8bd2', '0572 Hanover Alley', '36195', 'Montgomery', 'Alabama', 'United States');
insert into Coworker (coworker_id, first_name, last_name, email, gender, username, password, address, postal_area, city, state, country) values (6, 'Tish', 'Petrusch', 'tpetrusch5@hexun.com', 'Female', 'tpetrusch5', '8089d1b1d0b15eb6d5c2092d1c14072f', '3 Truax Place', '46620', 'South Bend', 'Indiana', 'United States');
insert into Coworker (coworker_id, first_name, last_name, email, gender, username, password, address, postal_area, city, state, country) values (7, 'Darin', 'Porter', 'dporter6@wix.com', 'Male', 'dporter6', '2660519e1f1ee7e1eaa4474932a71726', '3 Cambridge Road', '81604 CEDEX', 'Gaillac', 'Midi-Pyrénées', 'France');
insert into Coworker (coworker_id, first_name, last_name, email, gender, username, password, address, postal_area, city, state, country) values (8, 'Dave', 'Yorath', 'dyorath7@usgs.gov', 'Male', 'dyorath7', '6e38aaf2e71f06783c14f411e597e3df', '8 Barnett Drive', 'E6J', 'North Perth', 'Ontario', 'Canada');
insert into Coworker (coworker_id, first_name, last_name, email, gender, username, password, address, postal_area, city, state, country) values (9, 'Bernard', 'Warrior', 'bwarrior8@woothemes.com', 'Male', 'bwarrior8', 'ef1c7287a77c9d89d0ca3cafbbd498ef', '3 West Drive', '13807 CEDEX', 'Istres', 'Provence-Alpes-Côte d''Azur', 'France');
insert into Coworker (coworker_id, first_name, last_name, email, gender, username, password, address, postal_area, city, state, country) values (10, 'Clair', 'Pogg', 'cpogg9@virginia.edu', 'Male', 'cpogg9', 'aaabfd0785eb9b5c7b33df0fe3cd09bd', '0649 Golf View Avenue', '92782 CEDEX 9', 'Issy-les-Moulineaux', 'Île-de-France', 'France');
insert into Coworker (coworker_id, first_name, last_name, email, gender, username, password, address, postal_area, city, state, country) values (11, 'Lethia', 'Albertson', 'lalbertsona@quantcast.com', 'Female', 'lalbertsona', 'e38e8c751d8497ca2c6a16196b907cf5', '84147 Hanover Point', '75879 CEDEX 18', 'Paris 18', 'Île-de-France', 'France');
insert into Coworker (coworker_id, first_name, last_name, email, gender, username, password, address, postal_area, city, state, country) values (12, 'Jesse', 'Cleveley', 'jcleveleyb@mayoclinic.com', 'Female', 'jcleveleyb', 'e5d1ad0072a06781355e517f6c8cb4e6', '572 Evergreen Street', '47685', 'La Loma', 'Jalisco', 'Mexico');
insert into Coworker (coworker_id, first_name, last_name, email, gender, username, password, address, postal_area, city, state, country) values (13, 'Minny', 'Brussels', 'mbrusselsc@sciencedaily.com', 'Female', 'mbrusselsc', 'af04a783da920e9340d4f96bf104dc9f', '8 Hauk Alley', '75200', 'El Calvario', 'Puebla', 'Mexico');
insert into Coworker (coworker_id, first_name, last_name, email, gender, username, password, address, postal_area, city, state, country) values (14, 'Eula', 'Olenchenko', 'eolenchenkod@yahoo.com', 'Female', 'eolenchenkod', '3a1c3ae8f8c6626f0f70d1c6e82d8368', '77 Oxford Trail', '56209 CEDEX', 'La Gacilly', 'Bretagne', 'France');
insert into Coworker (coworker_id, first_name, last_name, email, gender, username, password, address, postal_area, city, state, country) values (15, 'Teressa', 'Beernaert', 'tbeernaerte@simplemachines.org', 'Female', 'tbeernaerte', 'bcbfc96bf2c12a90114d8d6187eb3f00', '44488 Welch Crossing', '41965 CEDEX 9', 'Blois', 'Centre', 'France');
insert into Coworker (coworker_id, first_name, last_name, email, gender, username, password, address, postal_area, city, state, country) values (16, 'Corissa', 'Croyser', 'ccroyserf@pagesperso-orange.fr', 'Female', 'ccroyserf', 'f3ee3485eaaf302cea766875f31c0ebd', '07153 Arizona Road', 'N5C', 'Ingersoll', 'Ontario', 'Canada');
insert into Coworker (coworker_id, first_name, last_name, email, gender, username, password, address, postal_area, city, state, country) values (17, 'Lottie', 'Cagan', 'lcagang@timesonline.co.uk', 'Female', 'lcagang', '35716518f3f29498799c5495d89a08a9', '47 Caliangt Way', '31079 CEDEX 5', 'Toulouse', 'Midi-Pyrénées', 'France');
insert into Coworker (coworker_id, first_name, last_name, email, gender, username, password, address, postal_area, city, state, country) values (18, 'Laina', 'McMearty', 'lmcmeartyh@weebly.com', 'Female', 'lmcmeartyh', '5d86e53364930e668e1795917a6b3ace', '21492 Moland Crossing', '95138', 'San Jose', 'California', 'United States');
insert into Coworker (coworker_id, first_name, last_name, email, gender, username, password, address, postal_area, city, state, country) values (19, 'Anderson', 'Comberbeach', 'acomberbeachi@dell.com', 'Male', 'acomberbeachi', '40be42a21f8d63d98cd12793bda2b51c', '2916 Eggendart Lane', '44101 CEDEX 4', 'Nantes', 'Pays de la Loire', 'France');
insert into Coworker (coworker_id, first_name, last_name, email, gender, username, password, address, postal_area, city, state, country) values (20, 'Curt', 'Berecloth', 'cbereclothj@google.com', 'Male', 'cbereclothj', '64ba6cdda11b608dfa2d435e95d30573', '6 Sunbrook Terrace', '20088', 'Washington', 'District of Columbia', 'United States');
insert into Coworker (coworker_id, first_name, last_name, email, gender, username, password, address, postal_area, city, state, country) values (21, 'Grayce', 'McHarry', 'gmcharryk@opera.com', 'Female', 'gmcharryk', 'f115a1d98b463be9cefc9b5d2d06b629', '9 Arrowood Circle', '27150', 'Winston Salem', 'North Carolina', 'United States');
insert into Coworker (coworker_id, first_name, last_name, email, gender, username, password, address, postal_area, city, state, country) values (22, 'Bernadette', 'Hellwig', 'bhellwigl@artisteer.com', 'Female', 'bhellwigl', '84fae300b0b00706f2968b2a31ea1041', '01816 Sunbrook Alley', '78990', 'Élancourt', 'Île-de-France', 'France');
insert into Coworker (coworker_id, first_name, last_name, email, gender, username, password, address, postal_area, city, state, country) values (23, 'Sofia', 'Lober', 'sloberm@simplemachines.org', 'Female', 'sloberm', '62a38b928b2565e9a74e5dca3ad1eadc', '4898 Fairview Way', '43161', 'San Jose', 'Hidalgo', 'Mexico');
insert into Coworker (coworker_id, first_name, last_name, email, gender, username, password, address, postal_area, city, state, country) values (24, 'Sidonnie', 'Jenton', 'sjentonn@elpais.com', 'Female', 'sjentonn', '7b096a9bdc627a97497f4d70219d2ba1', '01311 Scott Road', 'L1M', 'Fairview', 'Alberta', 'Canada');
insert into Coworker (coworker_id, first_name, last_name, email, gender, username, password, address, postal_area, city, state, country) values (25, 'Maddy', 'Athow', 'mathowo@artisteer.com', 'Male', 'mathowo', '2abf510cf7dbb75ffe06178d59780f61', '458 Lake View Parkway', '13298 CEDEX 20', 'Marseille', 'Provence-Alpes-Côte d''Azur', 'France');
insert into Coworker (coworker_id, first_name, last_name, email, gender, username, password, address, postal_area, city, state, country) values (26, 'Cull', 'Carmo', 'ccarmop@tripod.com', 'Male', 'ccarmop', '8a8564b6276af1abe6d2cd3128f07971', '6 Almo Road', '55109 CEDEX', 'Verdun', 'Lorraine', 'France');
insert into Coworker (coworker_id, first_name, last_name, email, gender, username, password, address, postal_area, city, state, country) values (27, 'Wendell', 'Barszczewski', 'wbarszczewskiq@spotify.com', 'Male', 'wbarszczewskiq', '5d113fd3c7fe766e8fcbf47002214067', '830 Kedzie Center', '07309 CEDEX', 'Tournon-sur-Rhône', 'Rhône-Alpes', 'France');
insert into Coworker (coworker_id, first_name, last_name, email, gender, username, password, address, postal_area, city, state, country) values (28, 'Tiebout', 'Kemsley', 'tkemsleyr@jigsy.com', 'Male', 'tkemsleyr', '0cc24ad23cb80634212cffc52a916a4f', '74 Clyde Gallagher Court', '53009 CEDEX', 'Laval', 'Pays de la Loire', 'France');
insert into Coworker (coworker_id, first_name, last_name, email, gender, username, password, address, postal_area, city, state, country) values (29, 'Parnell', 'Disbury', 'pdisburys@flickr.com', 'Male', 'pdisburys', '657b21b682be2c8b1d5bf255d1e058c6', '4 Old Shore Way', '83450', 'Libertad', 'Sonora', 'Mexico');
insert into Coworker (coworker_id, first_name, last_name, email, gender, username, password, address, postal_area, city, state, country) values (30, 'Patten', 'Wakeley', 'pwakeleyt@biglobe.ne.jp', 'Male', 'pwakeleyt', 'a4af65191b232d3fd80ffa85718cc67f', '66 American Terrace', '27717', 'Durham', 'North Carolina', 'United States');
insert into Coworker (coworker_id, first_name, last_name, email, gender, username, password, address, postal_area, city, state, country) values (31, 'Andie', 'Hagwood', 'ahagwoodu@angelfire.com', 'Female', 'ahagwoodu', 'e10b0029aa549929877707882fb3df71', '2 Dawn Alley', '36450', 'San Isidro', 'Guanajuato', 'Mexico');
insert into Coworker (coworker_id, first_name, last_name, email, gender, username, password, address, postal_area, city, state, country) values (32, 'Giorgio', 'Reeken', 'greekenv@is.gd', 'Male', 'greekenv', '58bad1a95ef83fbabc8ceb10d1c96444', '68 Longview Alley', '75243 CEDEX 13', 'Paris 13', 'Île-de-France', 'France');
insert into Coworker (coworker_id, first_name, last_name, email, gender, username, password, address, postal_area, city, state, country) values (33, 'Timothee', 'Boden', 'tbodenw@google.co.jp', 'Male', 'tbodenw', 'fe31b78d0b0a09a967d74c1cbfa89fa1', '68 Corry Plaza', 'L7E', 'Lumsden', 'Saskatchewan', 'Canada');
insert into Coworker (coworker_id, first_name, last_name, email, gender, username, password, address, postal_area, city, state, country) values (34, 'Reider', 'Wohler', 'rwohlerx@nationalgeographic.com', 'Male', 'rwohlerx', '153c01dab905544154e802f82396195c', '19 South Place', '72199', 'North Little Rock', 'Arkansas', 'United States');
insert into Coworker (coworker_id, first_name, last_name, email, gender, username, password, address, postal_area, city, state, country) values (35, 'Koo', 'Duddridge', 'kduddridgey@unesco.org', 'Female', 'kduddridgey', 'b7ad81365c541d04e478ab0d5905d718', '90 Summit Center', '95109 CEDEX', 'Argenteuil', 'Île-de-France', 'France');
insert into Coworker (coworker_id, first_name, last_name, email, gender, username, password, address, postal_area, city, state, country) values (36, 'Joscelin', 'Lismore', 'jlismorez@furl.net', 'Female', 'jlismorez', '15535ef3d33024a060f80f4612f731e7', '26 Oak Valley Road', '94723', 'San Isidro', 'Veracruz Llave', 'Mexico');
insert into Coworker (coworker_id, first_name, last_name, email, gender, username, password, address, postal_area, city, state, country) values (37, 'Shelia', 'Bunclark', 'sbunclark10@cam.ac.uk', 'Female', 'sbunclark10', '73af0f243895df0c4b45fd73bf785cd6', '7 Shopko Junction', '77075', 'Houston', 'Texas', 'United States');
insert into Coworker (coworker_id, first_name, last_name, email, gender, username, password, address, postal_area, city, state, country) values (38, 'Leone', 'Meconi', 'lmeconi11@wix.com', 'Female', 'lmeconi11', '4e74b35e3d4a508a1c6b635c3ad461cc', '53 Crescent Oaks Lane', '47812', 'Terre Haute', 'Indiana', 'United States');
insert into Coworker (coworker_id, first_name, last_name, email, gender, username, password, address, postal_area, city, state, country) values (39, 'Nicolais', 'Trenholme', 'ntrenholme12@seesaa.net', 'Male', 'ntrenholme12', '4146513c2d2d606d01b458302a45fe78', '54928 Mitchell Hill', '35069', 'Ejidal', 'Durango', 'Mexico');
insert into Coworker (coworker_id, first_name, last_name, email, gender, username, password, address, postal_area, city, state, country) values (40, 'Cayla', 'Frampton', 'cframpton13@biglobe.ne.jp', 'Female', 'cframpton13', '0e382bcc3d02a63f9f9994496bb13efc', '25 Loeprich Lane', '69469 CEDEX 06', 'Lyon', 'Rhône-Alpes', 'France');
insert into Coworker (coworker_id, first_name, last_name, email, gender, username, password, address, postal_area, city, state, country) values (41, 'Vaclav', 'Steely', 'vsteely14@mozilla.org', 'Male', 'vsteely14', 'bd2771beeedbb6a637c32675ea184ea5', '24213 Pine View Terrace', '53285', 'Milwaukee', 'Wisconsin', 'United States');
insert into Coworker (coworker_id, first_name, last_name, email, gender, username, password, address, postal_area, city, state, country) values (42, 'Jaime', 'Testin', 'jtestin15@sina.com.cn', 'Male', 'jtestin15', '80b66921d6df0f9e362c1f27bbbd5146', '3 Kinsman Point', '96980', 'Francisco Villa', 'Veracruz Llave', 'Mexico');
insert into Coworker (coworker_id, first_name, last_name, email, gender, username, password, address, postal_area, city, state, country) values (43, 'Rodolfo', 'Gaber', 'rgaber16@tiny.cc', 'Male', 'rgaber16', '29e47756d4d5d6cfc9c32b4bd7678dfd', '0 Mcbride Point', '13802 CEDEX', 'Istres', 'Provence-Alpes-Côte d''Azur', 'France');
insert into Coworker (coworker_id, first_name, last_name, email, gender, username, password, address, postal_area, city, state, country) values (44, 'Jereme', 'Woolvin', 'jwoolvin17@blogs.com', 'Male', 'jwoolvin17', '5e951a0968d19905fdd528c3efd1e17c', '06 Butternut Alley', '21281', 'Baltimore', 'Maryland', 'United States');
insert into Coworker (coworker_id, first_name, last_name, email, gender, username, password, address, postal_area, city, state, country) values (45, 'Alon', 'Chilley', 'achilley18@marketwatch.com', 'Male', 'achilley18', '0417abc015a7a92b7749d39be404d1b6', '023 Debs Point', '75464 CEDEX 10', 'Paris 10', 'Île-de-France', 'France');
insert into Coworker (coworker_id, first_name, last_name, email, gender, username, password, address, postal_area, city, state, country) values (46, 'Kerk', 'Margerrison', 'kmargerrison19@wunderground.com', 'Male', 'kmargerrison19', '070f5c8577c2b609b6d809610af6f1a7', '906 Main Pass', '20220', 'Washington', 'District of Columbia', 'United States');
insert into Coworker (coworker_id, first_name, last_name, email, gender, username, password, address, postal_area, city, state, country) values (47, 'Marilin', 'Fahy', 'mfahy1a@over-blog.com', 'Female', 'mfahy1a', '5de3125cd11b57cb5904b6a27ec47980', '09155 Valley Edge Place', '99089', 'Erfurt', 'Thüringen', 'Germany');
insert into Coworker (coworker_id, first_name, last_name, email, gender, username, password, address, postal_area, city, state, country) values (48, 'Tedd', 'Fynan', 'tfynan1b@bandcamp.com', 'Male', 'tfynan1b', '41521041b7b4b1030d51c4cdf27cf5fb', '559 Maryland Drive', '56019 CEDEX', 'Vannes', 'Bretagne', 'France');
insert into Coworker (coworker_id, first_name, last_name, email, gender, username, password, address, postal_area, city, state, country) values (49, 'Ranna', 'Feenan', 'rfeenan1c@slate.com', 'Female', 'rfeenan1c', 'ea0903b1a88972a3c3bf6b0d4f4e13ce', '376 Shasta Plaza', '49510', 'Grand Rapids', 'Michigan', 'United States');
insert into Coworker (coworker_id, first_name, last_name, email, gender, username, password, address, postal_area, city, state, country) values (50, 'Clementine', 'Ropp', 'cropp1d@biblegateway.com', 'Female', 'cropp1d', '0ed9b23279ad69e9333c7e86efa46f9d', '745 Corscot Pass', 'M5G', 'Bassano', 'Alberta', 'Canada');
insert into Coworker (coworker_id, first_name, last_name, email, gender, username, password, address, postal_area, city, state, country) values (51, 'Modesta', 'Shilliday', 'mshilliday1e@sogou.com', 'Female', 'mshilliday1e', '3c1f3745ab2d258e38d5726976e3d0de', '308 Logan Trail', '39130', 'Vista Hermosa', 'Guerrero', 'Mexico');
insert into Coworker (coworker_id, first_name, last_name, email, gender, username, password, address, postal_area, city, state, country) values (52, 'Annissa', 'Ostrich', 'aostrich1f@technorati.com', 'Female', 'aostrich1f', '6c34e430aa01f3ad68f748ac67200d5f', '106 Florence Junction', '94309 CEDEX', 'Vincennes', 'Île-de-France', 'France');
insert into Coworker (coworker_id, first_name, last_name, email, gender, username, password, address, postal_area, city, state, country) values (53, 'Anderea', 'Abbison', 'aabbison1g@spotify.com', 'Female', 'aabbison1g', '134fdaa01f5d75445cc3ff06ead30876', '64 Tennessee Way', '73494 CEDEX', 'La Ravoire', 'Rhône-Alpes', 'France');
insert into Coworker (coworker_id, first_name, last_name, email, gender, username, password, address, postal_area, city, state, country) values (54, 'Marcus', 'Hamil', 'mhamil1h@timesonline.co.uk', 'Male', 'mhamil1h', '5ff9027d7cfd31aa262dc55886af15cf', '484 Stang Circle', '78165 CEDEX', 'Marly-le-Roi', 'Île-de-France', 'France');
insert into Coworker (coworker_id, first_name, last_name, email, gender, username, password, address, postal_area, city, state, country) values (55, 'Noland', 'Coopper', 'ncoopper1i@wp.com', 'Male', 'ncoopper1i', 'd752c773838db8afe4cbf4bc57738fdc', '9959 Saint Paul Crossing', '11024', 'Great Neck', 'New York', 'United States');
insert into Coworker (coworker_id, first_name, last_name, email, gender, username, password, address, postal_area, city, state, country) values (56, 'Ricky', 'Loan', 'rloan1j@elpais.com', 'Male', 'rloan1j', '0186ec82262e0e42cc4e27c143133760', '196 Maple Park', '10105', 'New York City', 'New York', 'United States');
insert into Coworker (coworker_id, first_name, last_name, email, gender, username, password, address, postal_area, city, state, country) values (57, 'Netti', 'Faier', 'nfaier1k@sourceforge.net', 'Female', 'nfaier1k', '55afb85f89f5b799c5877df5d295bcf0', '85 Gateway Terrace', '25045 CEDEX', 'Besançon', 'Franche-Comté', 'France');
insert into Coworker (coworker_id, first_name, last_name, email, gender, username, password, address, postal_area, city, state, country) values (58, 'Lek', 'Doylend', 'ldoylend1l@buzzfeed.com', 'Male', 'ldoylend1l', 'c122e94fde726349103ff1f2efccc126', '880 Moulton Drive', '73091 CEDEX', 'Chambéry', 'Rhône-Alpes', 'France');
insert into Coworker (coworker_id, first_name, last_name, email, gender, username, password, address, postal_area, city, state, country) values (59, 'Laureen', 'Venmore', 'lvenmore1m@zimbio.com', 'Female', 'lvenmore1m', '6f569957f082e3b147af821c281d7acf', '3549 Killdeer Circle', '10464', 'Bronx', 'New York', 'United States');
insert into Coworker (coworker_id, first_name, last_name, email, gender, username, password, address, postal_area, city, state, country) values (60, 'Clarance', 'Odegaard', 'codegaard1n@theguardian.com', 'Male', 'codegaard1n', '4787e66ff7e08c57de982d550879c19c', '5 Garrison Junction', '95809 CEDEX', 'Cergy-Pontoise', 'Île-de-France', 'France');
insert into Coworker (coworker_id, first_name, last_name, email, gender, username, password, address, postal_area, city, state, country) values (61, 'Silvio', 'Imbrey', 'simbrey1o@springer.com', 'Male', 'simbrey1o', '1456b3d89f071d2ccd94d5c87cd9eaed', '6440 Bunker Hill Point', '44474 CEDEX', 'Carquefou', 'Pays de la Loire', 'France');
insert into Coworker (coworker_id, first_name, last_name, email, gender, username, password, address, postal_area, city, state, country) values (62, 'Natalee', 'Pirdy', 'npirdy1p@liveinternet.ru', 'Female', 'npirdy1p', '0f42139bf65be1068f04647cefd8be70', '7661 Russell Parkway', 'G9T', 'Rayside-Balfour', 'Ontario', 'Canada');
insert into Coworker (coworker_id, first_name, last_name, email, gender, username, password, address, postal_area, city, state, country) values (63, 'Nat', 'Naisbet', 'nnaisbet1q@berkeley.edu', 'Female', 'nnaisbet1q', '3eca70cef832f605e4e47d1aa3c6a18a', '13841 Grayhawk Point', '13327 CEDEX 15', 'Marseille', 'Provence-Alpes-Côte d''Azur', 'France');
insert into Coworker (coworker_id, first_name, last_name, email, gender, username, password, address, postal_area, city, state, country) values (64, 'Tim', 'Nicholl', 'tnicholl1r@instagram.com', 'Male', 'tnicholl1r', '6f826bb90b649f06d3a51d380bcc9722', '48 Hintze Park', 'G6B', 'Saint-Bruno-de-Guigues', 'Québec', 'Canada');
insert into Coworker (coworker_id, first_name, last_name, email, gender, username, password, address, postal_area, city, state, country) values (65, 'Ulrich', 'McCalum', 'umccalum1s@accuweather.com', 'Male', 'umccalum1s', 'dfafbe329332448a0552d40638d1fd13', '768 Kinsman Junction', 'N2M', 'Matagami', 'Québec', 'Canada');
insert into Coworker (coworker_id, first_name, last_name, email, gender, username, password, address, postal_area, city, state, country) values (66, 'Caron', 'Mahody', 'cmahody1t@sun.com', 'Female', 'cmahody1t', 'f5a71f52939fbe2e1f5f497e3da8d8d9', '143 Melrose Place', '94124 CEDEX', 'Fontenay-sous-Bois', 'Île-de-France', 'France');
insert into Coworker (coworker_id, first_name, last_name, email, gender, username, password, address, postal_area, city, state, country) values (67, 'Fowler', 'Kynaston', 'fkynaston1u@china.com.cn', 'Male', 'fkynaston1u', 'b84ab8ba1120411a9112c467178aabd4', '80 Brown Drive', '47747', 'Evansville', 'Indiana', 'United States');
insert into Coworker (coworker_id, first_name, last_name, email, gender, username, password, address, postal_area, city, state, country) values (68, 'Bertrand', 'Bage', 'bbage1v@angelfire.com', 'Male', 'bbage1v', '7abeb5bfa46eb5a47b77cfd04165f42f', '6 Hauk Crossing', 'T8C', 'Millet', 'Alberta', 'Canada');
insert into Coworker (coworker_id, first_name, last_name, email, gender, username, password, address, postal_area, city, state, country) values (69, 'Devon', 'Habbin', 'dhabbin1w@4shared.com', 'Female', 'dhabbin1w', 'b040519ba6ba5fe2e76264f51749e073', '11050 Tennyson Avenue', '74154 CEDEX', 'Rumilly', 'Rhône-Alpes', 'France');
insert into Coworker (coworker_id, first_name, last_name, email, gender, username, password, address, postal_area, city, state, country) values (70, 'Greer', 'Bryan', 'gbryan1x@last.fm', 'Female', 'gbryan1x', '210f96905b7d7ab046daf1db5ecf7624', '0 Orin Lane', '11854', 'Hicksville', 'New York', 'United States');
insert into Coworker (coworker_id, first_name, last_name, email, gender, username, password, address, postal_area, city, state, country) values (71, 'Luise', 'Cahalin', 'lcahalin1y@cmu.edu', 'Female', 'lcahalin1y', 'a3c0a1c30aaca3680321bb5dd281025b', '041 Center Way', '25057 CEDEX', 'Besançon', 'Franche-Comté', 'France');
insert into Coworker (coworker_id, first_name, last_name, email, gender, username, password, address, postal_area, city, state, country) values (72, 'Chester', 'Burdge', 'cburdge1z@cafepress.com', 'Male', 'cburdge1z', '79361de34093a67500dd5061f3c4d4e3', '036 2nd Hill', 'V6V', 'Princeton', 'British Columbia', 'Canada');
insert into Coworker (coworker_id, first_name, last_name, email, gender, username, password, address, postal_area, city, state, country) values (73, 'Darryl', 'Francioli', 'dfrancioli20@nifty.com', 'Male', 'dfrancioli20', '1622111814109aa3cd11942ac64df288', '361 Grayhawk Pass', '60663', 'Chicago', 'Illinois', 'United States');
insert into Coworker (coworker_id, first_name, last_name, email, gender, username, password, address, postal_area, city, state, country) values (74, 'Galvan', 'Roydon', 'groydon21@bloglovin.com', 'Male', 'groydon21', '6e15be8edd82a9a8f0546daf4ecb8157', '258 Northview Crossing', '50369', 'Des Moines', 'Iowa', 'United States');
insert into Coworker (coworker_id, first_name, last_name, email, gender, username, password, address, postal_area, city, state, country) values (75, 'Rodina', 'Dewsbury', 'rdewsbury22@tinyurl.com', 'Female', 'rdewsbury22', 'a7c0eb0a81fb9c99d4cd0228805a6f64', '8 Prairieview Crossing', '92804 CEDEX', 'Puteaux', 'Île-de-France', 'France');
insert into Coworker (coworker_id, first_name, last_name, email, gender, username, password, address, postal_area, city, state, country) values (76, 'Prentice', 'Mavin', 'pmavin23@state.gov', 'Male', 'pmavin23', '747543112f9c2d07908e52022a78efd2', '722 Macpherson Plaza', '43666', 'Toledo', 'Ohio', 'United States');
insert into Coworker (coworker_id, first_name, last_name, email, gender, username, password, address, postal_area, city, state, country) values (77, 'Kathi', 'De Cleen', 'kdecleen24@quantcast.com', 'Female', 'kdecleen24', '3a1f69734d1f2e21ab55076ec65d9e7c', '36 Hollow Ridge Plaza', '62025 CEDEX', 'Arras', 'Nord-Pas-de-Calais', 'France');
insert into Coworker (coworker_id, first_name, last_name, email, gender, username, password, address, postal_area, city, state, country) values (78, 'Rob', 'Roath', 'rroath25@eventbrite.com', 'Male', 'rroath25', 'f83a8057d7f435861dd7c34c0ca76a4c', '87054 Eggendart Junction', '61570', 'Benito Juarez', 'Michoacan De Ocampo', 'Mexico');
insert into Coworker (coworker_id, first_name, last_name, email, gender, username, password, address, postal_area, city, state, country) values (79, 'Madalena', 'Ingledew', 'mingledew26@addthis.com', 'Female', 'mingledew26', 'f697ec29b6865b8e06c4097931c5bc49', '08932 Ridge Oak Place', '25071 CEDEX 9', 'Besançon', 'Franche-Comté', 'France');
insert into Coworker (coworker_id, first_name, last_name, email, gender, username, password, address, postal_area, city, state, country) values (80, 'Claudianus', 'Pepon', 'cpepon27@amazon.co.uk', 'Male', 'cpepon27', '98cf56fd812a1ede1813f39010f7bd91', '7 Del Mar Hill', '28009 CEDEX', 'Chartres', 'Centre', 'France');
insert into Coworker (coworker_id, first_name, last_name, email, gender, username, password, address, postal_area, city, state, country) values (81, 'Johnette', 'Piborn', 'jpiborn28@ucoz.ru', 'Female', 'jpiborn28', 'd98e4767c357039a18397479b3b462e6', '6741 Magdeline Avenue', 'K7G', 'Gananoque', 'Ontario', 'Canada');
insert into Coworker (coworker_id, first_name, last_name, email, gender, username, password, address, postal_area, city, state, country) values (82, 'Franzen', 'Oatley', 'foatley29@vinaora.com', 'Male', 'foatley29', 'a9fdabdb97bdf63e0c0750ee0fe43259', '03276 Sommers Lane', '81109 CEDEX', 'Castres', 'Midi-Pyrénées', 'France');
insert into Coworker (coworker_id, first_name, last_name, email, gender, username, password, address, postal_area, city, state, country) values (83, 'Der', 'Ratchford', 'dratchford2a@miibeian.gov.cn', 'Male', 'dratchford2a', 'a07b5ab66ee9d6a847fbdf853ea146da', '67620 Charing Cross Road', '92398 CEDEX', 'Villeneuve-la-Garenne', 'Île-de-France', 'France');
insert into Coworker (coworker_id, first_name, last_name, email, gender, username, password, address, postal_area, city, state, country) values (84, 'Page', 'Houseman', 'phouseman2b@myspace.com', 'Female', 'phouseman2b', '40fa4a5a1bb9ef85b6c3b5f39aec77b0', '4331 Thompson Circle', '24212 CEDEX', 'Sarlat-la-Canéda', 'Aquitaine', 'France');
insert into Coworker (coworker_id, first_name, last_name, email, gender, username, password, address, postal_area, city, state, country) values (85, 'Klement', 'Magwood', 'kmagwood2c@disqus.com', 'Male', 'kmagwood2c', 'd7d4fca710ebf3e03da1164d054f5412', '65434 Mallard Point', '60657', 'Chicago', 'Illinois', 'United States');
insert into Coworker (coworker_id, first_name, last_name, email, gender, username, password, address, postal_area, city, state, country) values (86, 'Joly', 'Beavan', 'jbeavan2d@imgur.com', 'Female', 'jbeavan2d', 'b62f9b8e1ff7eb109ed2a0633493148f', '6652 Boyd Center', '44185', 'Cleveland', 'Ohio', 'United States');
insert into Coworker (coworker_id, first_name, last_name, email, gender, username, password, address, postal_area, city, state, country) values (87, 'Shandeigh', 'Branton', 'sbranton2e@samsung.com', 'Female', 'sbranton2e', '5fa02fe951ff4bc443354ab978380c69', '748 Schlimgen Place', '35605 CEDEX', 'Redon', 'Bretagne', 'France');
insert into Coworker (coworker_id, first_name, last_name, email, gender, username, password, address, postal_area, city, state, country) values (88, 'Sigismond', 'Cardillo', 'scardillo2f@timesonline.co.uk', 'Male', 'scardillo2f', '064cd4b5e52dab6aacfd40754f04a792', '01 Susan Street', '94475', 'Linda Vista', 'Veracruz Llave', 'Mexico');
insert into Coworker (coworker_id, first_name, last_name, email, gender, username, password, address, postal_area, city, state, country) values (89, 'Noel', 'Demetr', 'ndemetr2g@pagesperso-orange.fr', 'Male', 'ndemetr2g', 'ff1819b71ee9199e37684262f43e34be', '28541 Clyde Gallagher Center', 'T7Z', 'Prévost', 'Québec', 'Canada');
insert into Coworker (coworker_id, first_name, last_name, email, gender, username, password, address, postal_area, city, state, country) values (90, 'Alister', 'Joderli', 'ajoderli2h@nyu.edu', 'Male', 'ajoderli2h', '1cdaff6bfe285c0bff04aa01021b4cb1', '4085 Mayer Pass', '27717', 'Durham', 'North Carolina', 'United States');
insert into Coworker (coworker_id, first_name, last_name, email, gender, username, password, address, postal_area, city, state, country) values (91, 'Alon', 'Champkin', 'achampkin2i@people.com.cn', 'Male', 'achampkin2i', 'fa0ee52200c9ee9850e3882a3a830ccd', '5660 Express Alley', '88504 CEDEX', 'Mirecourt', 'Lorraine', 'France');
insert into Coworker (coworker_id, first_name, last_name, email, gender, username, password, address, postal_area, city, state, country) values (92, 'Frederich', 'Smee', 'fsmee2j@jiathis.com', 'Male', 'fsmee2j', '94dbeb39151fe1cc32d1d1569e39af84', '5039 School Plaza', 'A1C', 'Sainte-Martine', 'Québec', 'Canada');
insert into Coworker (coworker_id, first_name, last_name, email, gender, username, password, address, postal_area, city, state, country) values (93, 'Leighton', 'Chomley', 'lchomley2k@umich.edu', 'Male', 'lchomley2k', '6e38874a606113fce0f99eff812660f3', '5111 Mallard Parkway', '85246', 'Chandler', 'Arizona', 'United States');
insert into Coworker (coworker_id, first_name, last_name, email, gender, username, password, address, postal_area, city, state, country) values (94, 'Ashely', 'Saller', 'asaller2l@usa.gov', 'Female', 'asaller2l', '2b4bac739512f504552d3328ebb8692f', '405 Barnett Road', 'G7Y', 'Jonquière', 'Québec', 'Canada');
insert into Coworker (coworker_id, first_name, last_name, email, gender, username, password, address, postal_area, city, state, country) values (95, 'Germana', 'Feander', 'gfeander2m@ucoz.ru', 'Female', 'gfeander2m', '592f281317c615d3304ed89970a80b64', '9964 Eliot Terrace', '40013 CEDEX', 'Mont-de-Marsan', 'Aquitaine', 'France');
insert into Coworker (coworker_id, first_name, last_name, email, gender, username, password, address, postal_area, city, state, country) values (96, 'Gustie', 'Shakeshaft', 'gshakeshaft2n@google.pl', 'Female', 'gshakeshaft2n', '37bdcd4cf36fc3d1743e23e40831aa90', '4908 Norway Maple Lane', '78703', 'Austin', 'Texas', 'United States');
insert into Coworker (coworker_id, first_name, last_name, email, gender, username, password, address, postal_area, city, state, country) values (97, 'Marena', 'Tomala', 'mtomala2o@webs.com', 'Female', 'mtomala2o', 'ec9967d544c509d8c8088ecb0b9d93c8', '26 Granby Point', '16004 CEDEX', 'Angoulême', 'Poitou-Charentes', 'France');
insert into Coworker (coworker_id, first_name, last_name, email, gender, username, password, address, postal_area, city, state, country) values (98, 'Corbin', 'Lehemann', 'clehemann2p@npr.org', 'Male', 'clehemann2p', '3d912691e8c73bd261d482cf52667498', '48051 Northwestern Alley', '35513 CEDEX', 'Cesson-Sévigné', 'Bretagne', 'France');
insert into Coworker (coworker_id, first_name, last_name, email, gender, username, password, address, postal_area, city, state, country) values (99, 'Rodrique', 'Marlor', 'rmarlor2q@time.com', 'Male', 'rmarlor2q', '1eeabbd6a85cc9b07175ffceb9f50003', '52 Esker Hill', '84072 CEDEX 4', 'Avignon', 'Provence-Alpes-Côte d''Azur', 'France');
insert into Coworker (coworker_id, first_name, last_name, email, gender, username, password, address, postal_area, city, state, country) values (100, 'Peyton', 'Ashmole', 'pashmole2r@sakura.ne.jp', 'Male', 'pashmole2r', '7d0f6855ef4c66e78b83970e8d7c3779', '9 Golf View Alley', 'J1K', 'Sherbrooke', 'Québec', 'Canada');


insert into CoworkingSpace (cws_id, name, address, postal_area, city, state, country, latitude, longitude, image_url, currency, description, rating, day_price, week_price, month_price, manager_id) values (1, 'Keylex', '5598 4th Center', 'P7L', 'Lumby', 'British Columbia', 'Canada', '50.24979', '-118.96904', 'http://dummyimage.com/135x117.jpg/ff4444/ffffff', 'CAD', 'Vestibulum ac est lacinia nisi venenatis tristique. Fusce congue, diam id ornare imperdiet, sapien urna pretium nisl, ut volutpat sapien arcu sed augue. Aliquam erat volutpat.

In congue. Etiam justo. Etiam pretium iaculis justo.', 3.32, 34, 145, 408, 1);
insert into CoworkingSpace (cws_id, name, address, postal_area, city, state, country, latitude, longitude, image_url, currency, description, rating, day_price, week_price, month_price, manager_id) values (2, 'Kanlam', '8866 Dottie Junction', '33355', 'Fort Lauderdale', 'Florida', 'United States', 26.11, -80.3, 'http://dummyimage.com/117x224.jpg/dddddd/000000', 'USD', 'Morbi porttitor lorem id ligula. Suspendisse ornare consequat lectus. In est risus, auctor sed, tristique in, tempus sit amet, sem.

Fusce consequat. Nulla nisl. Nunc nisl.', 1.02, 42, 139, 444, 2);
insert into CoworkingSpace (cws_id, name, address, postal_area, city, state, country, latitude, longitude, image_url, currency, description, rating, day_price, week_price, month_price, manager_id) values (3, 'Aerified', '2 Crowley Point', '45208', 'Cincinnati', 'Ohio', 'United States', 39.1335733, -84.4356468, 'http://dummyimage.com/190x194.jpg/cc0000/ffffff', 'USD', 'Integer ac leo. Pellentesque ultrices mattis odio. Donec vitae nisi.', 2.25, 39, 86, 423, 3);
insert into CoworkingSpace (cws_id, name, address, postal_area, city, state, country, latitude, longitude, image_url, currency, description, rating, day_price, week_price, month_price, manager_id) values (4, 'Trippledex', '87 Hintze Avenue', 'L5W', 'Mississauga', 'Ontario', 'Canada', 43.6368159, -79.7119419, 'http://dummyimage.com/223x142.jpg/dddddd/000000', 'CAD', 'Maecenas tristique, est et tempus semper, est quam pharetra magna, ac consequat metus sapien ut nunc. Vestibulum ante ipsum primis in faucibus orci luctus et ultrices posuere cubilia Curae; Mauris viverra diam vitae quam. Suspendisse potenti.', 3.0, 41, 90, 251, 4);
insert into CoworkingSpace (cws_id, name, address, postal_area, city, state, country, latitude, longitude, image_url, currency, description, rating, day_price, week_price, month_price, manager_id) values (5, 'Home Ing', '4 Debs Center', 'K7A', 'Smiths Falls', 'Ontario', 'Canada', 44.891731, -76.0289414, 'http://dummyimage.com/194x160.jpg/cc0000/ffffff', 'CAD', 'Nam ultrices, libero non mattis pulvinar, nulla pede ullamcorper augue, a suscipit nulla elit ac nulla. Sed vel enim sit amet nunc viverra dapibus. Nulla suscipit ligula in lacus.', 3.28, 21, 98, 493, 5);
insert into CoworkingSpace (cws_id, name, address, postal_area, city, state, country, latitude, longitude, image_url, currency, description, rating, day_price, week_price, month_price, manager_id) values (6, 'Toughjoyfax', '9019 Erie Court', '95210', 'Stockton', 'California', 'United States', 38.0434058, -121.2969674, 'http://dummyimage.com/245x222.jpg/cc0000/ffffff', 'USD', 'Suspendisse potenti. In eleifend quam a odio. In hac habitasse platea dictumst.', 4.27, 20, 134, 328, 6);
insert into CoworkingSpace (cws_id, name, address, postal_area, city, state, country, latitude, longitude, image_url, currency, description, rating, day_price, week_price, month_price, manager_id) values (7, 'Veribet', '96456 Tomscot Plaza', '85754', 'Tucson', 'Arizona', 'United States', 32.2342478, -111.0033984, 'http://dummyimage.com/202x171.jpg/dddddd/000000', 'USD', 'Quisque porta volutpat erat. Quisque erat eros, viverra eget, congue eget, semper rutrum, nulla. Nunc purus.', 1.15, 32, 143, 267, 7);
insert into CoworkingSpace (cws_id, name, address, postal_area, city, state, country, latitude, longitude, image_url, currency, description, rating, day_price, week_price, month_price, manager_id) values (8, 'Tin', '747 Lien Parkway', 'T3S', 'Logan Lake', 'British Columbia', 'Canada', '50.49976', '-120.80253', 'http://dummyimage.com/157x146.jpg/dddddd/000000', 'CAD', 'Etiam vel augue. Vestibulum rutrum rutrum neque. Aenean auctor gravida sem.', 1.74, 23, 86, 367, 8);
insert into CoworkingSpace (cws_id, name, address, postal_area, city, state, country, latitude, longitude, image_url, currency, description, rating, day_price, week_price, month_price, manager_id) values (9, 'Subin', '6552 Straubel Trail', '61105', 'Rockford', 'Illinois', 'United States', 42.2685543, -89.0965841, 'http://dummyimage.com/171x109.jpg/cc0000/ffffff', 'USD', 'Maecenas tristique, est et tempus semper, est quam pharetra magna, ac consequat metus sapien ut nunc. Vestibulum ante ipsum primis in faucibus orci luctus et ultrices posuere cubilia Curae; Mauris viverra diam vitae quam. Suspendisse potenti.

Nullam porttitor lacus at turpis. Donec posuere metus vitae ipsum. Aliquam non mauris.', 3.95, 33, 113, 394, 9);
insert into CoworkingSpace (cws_id, name, address, postal_area, city, state, country, latitude, longitude, image_url, currency, description, rating, day_price, week_price, month_price, manager_id) values (10, 'Tresom', '10518 Scott Parkway', '88574', 'El Paso', 'Texas', 'United States', 31.77, -106.43, 'http://dummyimage.com/248x201.jpg/5fa2dd/ffffff', 'USD', 'Aliquam quis turpis eget elit sodales scelerisque. Mauris sit amet eros. Suspendisse accumsan tortor quis turpis.

Sed ante. Vivamus tortor. Duis mattis egestas metus.', 0.75, 49, 100, 433, 10);
insert into CoworkingSpace (cws_id, name, address, postal_area, city, state, country, latitude, longitude, image_url, currency, description, rating, day_price, week_price, month_price, manager_id) values (11, 'Alphazap', '4091 7th Parkway', '45208', 'Cincinnati', 'Ohio', 'United States', 39.1335733, -84.4356468, 'http://dummyimage.com/181x206.jpg/5fa2dd/ffffff', 'USD', 'Aenean lectus. Pellentesque eget nunc. Donec quis orci eget orci vehicula condimentum.', 2.92, 28, 126, 365, 11);
insert into CoworkingSpace (cws_id, name, address, postal_area, city, state, country, latitude, longitude, image_url, currency, description, rating, day_price, week_price, month_price, manager_id) values (12, 'Bitchip', '02 Morningstar Junction', 'R6M', 'Morden', 'Manitoba', 'Canada', 49.1980747, -98.102542, 'http://dummyimage.com/222x197.jpg/dddddd/000000', 'CAD', 'Fusce posuere felis sed lacus. Morbi sem mauris, laoreet ut, rhoncus aliquet, pulvinar sed, nisl. Nunc rhoncus dui vel sem.

Sed sagittis. Nam congue, risus semper porta volutpat, quam pede lobortis ligula, sit amet eleifend pede libero quis orci. Nullam molestie nibh in lectus.', 3.5, 31, 76, 423, 12);
insert into CoworkingSpace (cws_id, name, address, postal_area, city, state, country, latitude, longitude, image_url, currency, description, rating, day_price, week_price, month_price, manager_id) values (13, 'Cardify', '48409 Tony Pass', '10125', 'New York City', 'New York', 'United States', 40.8, -73.97, 'http://dummyimage.com/158x141.jpg/ff4444/ffffff', 'USD', 'Quisque id justo sit amet sapien dignissim vestibulum. Vestibulum ante ipsum primis in faucibus orci luctus et ultrices posuere cubilia Curae; Nulla dapibus dolor vel est. Donec odio justo, sollicitudin ut, suscipit a, feugiat et, eros.

Vestibulum ac est lacinia nisi venenatis tristique. Fusce congue, diam id ornare imperdiet, sapien urna pretium nisl, ut volutpat sapien arcu sed augue. Aliquam erat volutpat.

In congue. Etiam justo. Etiam pretium iaculis justo.', 3.33, 43, 108, 309, 13);
insert into CoworkingSpace (cws_id, name, address, postal_area, city, state, country, latitude, longitude, image_url, currency, description, rating, day_price, week_price, month_price, manager_id) values (14, 'Home Ing', '44278 Northwestern Avenue', '74184', 'Tulsa', 'Oklahoma', 'United States', 36.0458806, -95.8562271, 'http://dummyimage.com/139x234.jpg/ff4444/ffffff', 'USD', 'Morbi porttitor lorem id ligula. Suspendisse ornare consequat lectus. In est risus, auctor sed, tristique in, tempus sit amet, sem.

Fusce consequat. Nulla nisl. Nunc nisl.

Duis bibendum, felis sed interdum venenatis, turpis enim blandit mi, in porttitor pede justo eu massa. Donec dapibus. Duis at velit eu est congue elementum.', 4.07, 43, 115, 266, 14);
insert into CoworkingSpace (cws_id, name, address, postal_area, city, state, country, latitude, longitude, image_url, currency, description, rating, day_price, week_price, month_price, manager_id) values (15, 'Sub-Ex', '5028 Lillian Way', '11205', 'Brooklyn', 'New York', 'United States', 40.6945036, -73.9565551, 'http://dummyimage.com/127x249.jpg/dddddd/000000', 'USD', 'Nulla ut erat id mauris vulputate elementum. Nullam varius. Nulla facilisi.

Cras non velit nec nisi vulputate nonummy. Maecenas tincidunt lacus at velit. Vivamus vel nulla eget eros elementum pellentesque.

Quisque porta volutpat erat. Quisque erat eros, viverra eget, congue eget, semper rutrum, nulla. Nunc purus.', 2.14, 24, 89, 394, 15);
insert into CoworkingSpace (cws_id, name, address, postal_area, city, state, country, latitude, longitude, image_url, currency, description, rating, day_price, week_price, month_price, manager_id) values (16, 'Voyatouch', '8 Norway Maple Plaza', '23509', 'Norfolk', 'Virginia', 'United States', 36.8854128, -76.2652909, 'http://dummyimage.com/139x167.jpg/ff4444/ffffff', 'USD', 'Maecenas ut massa quis augue luctus tincidunt. Nulla mollis molestie lorem. Quisque ut erat.

Curabitur gravida nisi at nibh. In hac habitasse platea dictumst. Aliquam augue quam, sollicitudin vitae, consectetuer eget, rutrum at, lorem.', 2.2, 36, 101, 424, 16);
insert into CoworkingSpace (cws_id, name, address, postal_area, city, state, country, latitude, longitude, image_url, currency, description, rating, day_price, week_price, month_price, manager_id) values (17, 'Temp', '217 Rowland Parkway', 'L8J', 'Trois-Rivières', 'Québec', 'Canada', '46.34515', '-72.5477', 'http://dummyimage.com/212x203.jpg/5fa2dd/ffffff', 'CAD', 'Sed sagittis. Nam congue, risus semper porta volutpat, quam pede lobortis ligula, sit amet eleifend pede libero quis orci. Nullam molestie nibh in lectus.

Pellentesque at nulla. Suspendisse potenti. Cras in purus eu magna vulputate luctus.

Cum sociis natoque penatibus et magnis dis parturient montes, nascetur ridiculus mus. Vivamus vestibulum sagittis sapien. Cum sociis natoque penatibus et magnis dis parturient montes, nascetur ridiculus mus.', 2.24, 39, 120, 471, 17);
insert into CoworkingSpace (cws_id, name, address, postal_area, city, state, country, latitude, longitude, image_url, currency, description, rating, day_price, week_price, month_price, manager_id) values (18, 'Flexidy', '9 Maple Wood Plaza', '19125', 'Philadelphia', 'Pennsylvania', 'United States', 39.9793657, -75.1253492, 'http://dummyimage.com/230x171.jpg/cc0000/ffffff', 'USD', 'Aenean fermentum. Donec ut mauris eget massa tempor convallis. Nulla neque libero, convallis eget, eleifend luctus, ultricies eu, nibh.

Quisque id justo sit amet sapien dignissim vestibulum. Vestibulum ante ipsum primis in faucibus orci luctus et ultrices posuere cubilia Curae; Nulla dapibus dolor vel est. Donec odio justo, sollicitudin ut, suscipit a, feugiat et, eros.

Vestibulum ac est lacinia nisi venenatis tristique. Fusce congue, diam id ornare imperdiet, sapien urna pretium nisl, ut volutpat sapien arcu sed augue. Aliquam erat volutpat.', 1.33, 38, 87, 447, 18);
insert into CoworkingSpace (cws_id, name, address, postal_area, city, state, country, latitude, longitude, image_url, currency, description, rating, day_price, week_price, month_price, manager_id) values (19, 'Veribet', '12721 Arkansas Pass', '40225', 'Louisville', 'Kentucky', 'United States', 38.2, -85.7, 'http://dummyimage.com/224x179.jpg/dddddd/000000', 'USD', 'Cras mi pede, malesuada in, imperdiet et, commodo vulputate, justo. In blandit ultrices enim. Lorem ipsum dolor sit amet, consectetuer adipiscing elit.

Proin interdum mauris non ligula pellentesque ultrices. Phasellus id sapien in sapien iaculis congue. Vivamus metus arcu, adipiscing molestie, hendrerit at, vulputate vitae, nisl.', 0.25, 32, 87, 412, 19);
insert into CoworkingSpace (cws_id, name, address, postal_area, city, state, country, latitude, longitude, image_url, currency, description, rating, day_price, week_price, month_price, manager_id) values (20, 'Tin', '2436 Kropf Terrace', '85025', 'Phoenix', 'Arizona', 'United States', 33.45, -112.08, 'http://dummyimage.com/217x122.jpg/ff4444/ffffff', 'USD', 'Aenean fermentum. Donec ut mauris eget massa tempor convallis. Nulla neque libero, convallis eget, eleifend luctus, ultricies eu, nibh.', 0.59, 21, 92, 226, 20);
insert into CoworkingSpace (cws_id, name, address, postal_area, city, state, country, latitude, longitude, image_url, currency, description, rating, day_price, week_price, month_price, manager_id) values (21, 'Alpha', '544 Barnett Point', '83732', 'Boise', 'Idaho', 'United States', 43.55, -116.28, 'http://dummyimage.com/182x146.jpg/cc0000/ffffff', 'USD', 'Integer ac leo. Pellentesque ultrices mattis odio. Donec vitae nisi.

Nam ultrices, libero non mattis pulvinar, nulla pede ullamcorper augue, a suscipit nulla elit ac nulla. Sed vel enim sit amet nunc viverra dapibus. Nulla suscipit ligula in lacus.', 3.31, 38, 130, 400, 21);
insert into CoworkingSpace (cws_id, name, address, postal_area, city, state, country, latitude, longitude, image_url, currency, description, rating, day_price, week_price, month_price, manager_id) values (22, 'Greenlam', '29685 Barby Point', '27710', 'Durham', 'North Carolina', 'United States', 36.0038131, -78.9387241, 'http://dummyimage.com/132x110.jpg/ff4444/ffffff', 'USD', 'Vestibulum ac est lacinia nisi venenatis tristique. Fusce congue, diam id ornare imperdiet, sapien urna pretium nisl, ut volutpat sapien arcu sed augue. Aliquam erat volutpat.

In congue. Etiam justo. Etiam pretium iaculis justo.

In hac habitasse platea dictumst. Etiam faucibus cursus urna. Ut tellus.', 0.12, 44, 83, 218, 22);
insert into CoworkingSpace (cws_id, name, address, postal_area, city, state, country, latitude, longitude, image_url, currency, description, rating, day_price, week_price, month_price, manager_id) values (23, 'Cardguard', '984 Packers Crossing', 'T4B', 'Airdrie', 'Alberta', 'Canada', 51.2828145, -114.0371938, 'http://dummyimage.com/126x218.jpg/dddddd/000000', 'CAD', 'Curabitur in libero ut massa volutpat convallis. Morbi odio odio, elementum eu, interdum eu, tincidunt in, leo. Maecenas pulvinar lobortis est.

Phasellus sit amet erat. Nulla tempus. Vivamus in felis eu sapien cursus vestibulum.

Proin eu mi. Nulla ac enim. In tempor, turpis nec euismod scelerisque, quam turpis adipiscing lorem, vitae mattis nibh ligula nec sem.', 4.92, 48, 133, 380, 23);
insert into CoworkingSpace (cws_id, name, address, postal_area, city, state, country, latitude, longitude, image_url, currency, description, rating, day_price, week_price, month_price, manager_id) values (24, 'Ventosanzap', '5711 Cascade Point', 'L4E', 'Cornwall', 'Prince Edward Island', 'Canada', '46.22652', '-63.21809', 'http://dummyimage.com/113x186.jpg/5fa2dd/ffffff', 'CAD', 'In congue. Etiam justo. Etiam pretium iaculis justo.

In hac habitasse platea dictumst. Etiam faucibus cursus urna. Ut tellus.', 1.58, 47, 109, 255, 24);
insert into CoworkingSpace (cws_id, name, address, postal_area, city, state, country, latitude, longitude, image_url, currency, description, rating, day_price, week_price, month_price, manager_id) values (25, 'Hatity', '9 Colorado Hill', '70894', 'Baton Rouge', 'Louisiana', 'United States', 30.45, -91.15, 'http://dummyimage.com/219x208.jpg/cc0000/ffffff', 'USD', 'Donec diam neque, vestibulum eget, vulputate ut, ultrices vel, augue. Vestibulum ante ipsum primis in faucibus orci luctus et ultrices posuere cubilia Curae; Donec pharetra, magna vestibulum aliquet ultrices, erat tortor sollicitudin mi, sit amet lobortis sapien sapien non mi. Integer ac neque.

Duis bibendum. Morbi non quam nec dui luctus rutrum. Nulla tellus.

In sagittis dui vel nisl. Duis ac nibh. Fusce lacus purus, aliquet at, feugiat non, pretium quis, lectus.', 3.23, 27, 87, 298, 25);
insert into CoworkingSpace (cws_id, name, address, postal_area, city, state, country, latitude, longitude, image_url, currency, description, rating, day_price, week_price, month_price, manager_id) values (26, 'Fixflex', '004 Kim Pass', '76905', 'San Angelo', 'Texas', 'United States', 31.4637723, -100.4370375, 'http://dummyimage.com/100x170.jpg/5fa2dd/ffffff', 'USD', 'Curabitur gravida nisi at nibh. In hac habitasse platea dictumst. Aliquam augue quam, sollicitudin vitae, consectetuer eget, rutrum at, lorem.

Integer tincidunt ante vel ipsum. Praesent blandit lacinia erat. Vestibulum sed magna at nunc commodo placerat.

Praesent blandit. Nam nulla. Integer pede justo, lacinia eget, tincidunt eget, tempus vel, pede.', 2.52, 20, 139, 265, 26);
insert into CoworkingSpace (cws_id, name, address, postal_area, city, state, country, latitude, longitude, image_url, currency, description, rating, day_price, week_price, month_price, manager_id) values (27, 'Y-Solowarm', '0 Mcguire Court', '33615', 'Tampa', 'Florida', 'United States', 28.0003221, -82.5889012, 'http://dummyimage.com/223x144.jpg/cc0000/ffffff', 'USD', 'In congue. Etiam justo. Etiam pretium iaculis justo.

In hac habitasse platea dictumst. Etiam faucibus cursus urna. Ut tellus.

Nulla ut erat id mauris vulputate elementum. Nullam varius. Nulla facilisi.', 3.32, 44, 124, 242, 27);
insert into CoworkingSpace (cws_id, name, address, postal_area, city, state, country, latitude, longitude, image_url, currency, description, rating, day_price, week_price, month_price, manager_id) values (28, 'Veribet', '63 Bay Trail', 'P0T', 'Thessalon', 'Ontario', 'Canada', '46.25006', '-83.5666', 'http://dummyimage.com/202x102.jpg/cc0000/ffffff', 'CAD', 'Fusce posuere felis sed lacus. Morbi sem mauris, laoreet ut, rhoncus aliquet, pulvinar sed, nisl. Nunc rhoncus dui vel sem.

Sed sagittis. Nam congue, risus semper porta volutpat, quam pede lobortis ligula, sit amet eleifend pede libero quis orci. Nullam molestie nibh in lectus.

Pellentesque at nulla. Suspendisse potenti. Cras in purus eu magna vulputate luctus.', 1.61, 50, 95, 497, 28);
insert into CoworkingSpace (cws_id, name, address, postal_area, city, state, country, latitude, longitude, image_url, currency, description, rating, day_price, week_price, month_price, manager_id) values (29, 'Trippledex', '102 Pleasure Court', '31165', 'Atlanta', 'Georgia', 'United States', 29.4390958, -98.487335, 'http://dummyimage.com/138x190.jpg/ff4444/ffffff', 'USD', 'In congue. Etiam justo. Etiam pretium iaculis justo.

In hac habitasse platea dictumst. Etiam faucibus cursus urna. Ut tellus.

Nulla ut erat id mauris vulputate elementum. Nullam varius. Nulla facilisi.', 0.42, 30, 119, 378, 29);
insert into CoworkingSpace (cws_id, name, address, postal_area, city, state, country, latitude, longitude, image_url, currency, description, rating, day_price, week_price, month_price, manager_id) values (30, 'Sub-Ex', '21011 7th Avenue', 'J7B', 'Lorraine', 'Québec', 'Canada', 45.6628665, -73.8134978, 'http://dummyimage.com/185x151.jpg/dddddd/000000', 'CAD', 'Mauris enim leo, rhoncus sed, vestibulum sit amet, cursus id, turpis. Integer aliquet, massa id lobortis convallis, tortor risus dapibus augue, vel accumsan tellus nisi eu orci. Mauris lacinia sapien quis libero.

Nullam sit amet turpis elementum ligula vehicula consequat. Morbi a ipsum. Integer a nibh.

In quis justo. Maecenas rhoncus aliquam lacus. Morbi quis tortor id nulla ultrices aliquet.', 3.04, 28, 111, 271, 30);
insert into CoworkingSpace (cws_id, name, address, postal_area, city, state, country, latitude, longitude, image_url, currency, description, rating, day_price, week_price, month_price, manager_id) values (31, 'Cardify', '2 Roth Junction', '80249', 'Denver', 'Colorado', 'United States', 39.8786639, -104.6821048, 'http://dummyimage.com/150x154.jpg/ff4444/ffffff', 'USD', 'Phasellus sit amet erat. Nulla tempus. Vivamus in felis eu sapien cursus vestibulum.

Proin eu mi. Nulla ac enim. In tempor, turpis nec euismod scelerisque, quam turpis adipiscing lorem, vitae mattis nibh ligula nec sem.

Duis aliquam convallis nunc. Proin at turpis a pede posuere nonummy. Integer non velit.', 0.85, 22, 78, 482, 31);
insert into CoworkingSpace (cws_id, name, address, postal_area, city, state, country, latitude, longitude, image_url, currency, description, rating, day_price, week_price, month_price, manager_id) values (32, 'Aerified', '0700 Hoepker Park', '63131', 'Saint Louis', 'Missouri', 'United States', 38.6206914, -90.4408037, 'http://dummyimage.com/182x148.jpg/ff4444/ffffff', 'USD', 'Sed ante. Vivamus tortor. Duis mattis egestas metus.

Aenean fermentum. Donec ut mauris eget massa tempor convallis. Nulla neque libero, convallis eget, eleifend luctus, ultricies eu, nibh.

Quisque id justo sit amet sapien dignissim vestibulum. Vestibulum ante ipsum primis in faucibus orci luctus et ultrices posuere cubilia Curae; Nulla dapibus dolor vel est. Donec odio justo, sollicitudin ut, suscipit a, feugiat et, eros.', 2.4, 24, 123, 313, 32);
insert into CoworkingSpace (cws_id, name, address, postal_area, city, state, country, latitude, longitude, image_url, currency, description, rating, day_price, week_price, month_price, manager_id) values (33, 'Bytecard', '233 Cordelia Avenue', '55448', 'Minneapolis', 'Minnesota', 'United States', 45.1908533, -93.3007481, 'http://dummyimage.com/234x112.jpg/cc0000/ffffff', 'USD', 'Cras mi pede, malesuada in, imperdiet et, commodo vulputate, justo. In blandit ultrices enim. Lorem ipsum dolor sit amet, consectetuer adipiscing elit.

Proin interdum mauris non ligula pellentesque ultrices. Phasellus id sapien in sapien iaculis congue. Vivamus metus arcu, adipiscing molestie, hendrerit at, vulputate vitae, nisl.', 4.33, 28, 136, 435, 33);
insert into CoworkingSpace (cws_id, name, address, postal_area, city, state, country, latitude, longitude, image_url, currency, description, rating, day_price, week_price, month_price, manager_id) values (34, 'Fix San', '31 Fisk Court', '31136', 'Atlanta', 'Georgia', 'United States', 33.7200336, -84.5851994, 'http://dummyimage.com/214x207.jpg/cc0000/ffffff', 'USD', 'Nullam porttitor lacus at turpis. Donec posuere metus vitae ipsum. Aliquam non mauris.

Morbi non lectus. Aliquam sit amet diam in magna bibendum imperdiet. Nullam orci pede, venenatis non, sodales sed, tincidunt eu, felis.', 4.91, 43, 143, 305, 34);
insert into CoworkingSpace (cws_id, name, address, postal_area, city, state, country, latitude, longitude, image_url, currency, description, rating, day_price, week_price, month_price, manager_id) values (35, 'Redhold', '88410 Eagle Crest Junction', 'J7B', 'Lorraine', 'Québec', 'Canada', 45.6628665, -73.8134978, 'http://dummyimage.com/162x171.jpg/cc0000/ffffff', 'CAD', 'In congue. Etiam justo. Etiam pretium iaculis justo.

In hac habitasse platea dictumst. Etiam faucibus cursus urna. Ut tellus.

Nulla ut erat id mauris vulputate elementum. Nullam varius. Nulla facilisi.', 4.11, 45, 75, 244, 35);
insert into CoworkingSpace (cws_id, name, address, postal_area, city, state, country, latitude, longitude, image_url, currency, description, rating, day_price, week_price, month_price, manager_id) values (36, 'Flowdesk', '29 Paget Point', '95818', 'Sacramento', 'California', 'United States', 38.5603056, -121.4970294, 'http://dummyimage.com/163x244.jpg/5fa2dd/ffffff', 'USD', 'Vestibulum ac est lacinia nisi venenatis tristique. Fusce congue, diam id ornare imperdiet, sapien urna pretium nisl, ut volutpat sapien arcu sed augue. Aliquam erat volutpat.', 4.26, 43, 88, 260, 36);
insert into CoworkingSpace (cws_id, name, address, postal_area, city, state, country, latitude, longitude, image_url, currency, description, rating, day_price, week_price, month_price, manager_id) values (37, 'Asoka', '6 Londonderry Way', '22313', 'Alexandria', 'Virginia', 'United States', 38.8, -77.05, 'http://dummyimage.com/178x248.jpg/cc0000/ffffff', 'USD', 'In hac habitasse platea dictumst. Etiam faucibus cursus urna. Ut tellus.

Nulla ut erat id mauris vulputate elementum. Nullam varius. Nulla facilisi.', 3.27, 21, 85, 211, 37);
insert into CoworkingSpace (cws_id, name, address, postal_area, city, state, country, latitude, longitude, image_url, currency, description, rating, day_price, week_price, month_price, manager_id) values (38, 'Sonsing', '1 Saint Paul Place', '48126', 'Dearborn', 'Michigan', 'United States', 42.3382755, -83.1756188, 'http://dummyimage.com/100x212.jpg/dddddd/000000', 'USD', 'In quis justo. Maecenas rhoncus aliquam lacus. Morbi quis tortor id nulla ultrices aliquet.

Maecenas leo odio, condimentum id, luctus nec, molestie sed, justo. Pellentesque viverra pede ac diam. Cras pellentesque volutpat dui.', 1.07, 41, 82, 435, 38);
insert into CoworkingSpace (cws_id, name, address, postal_area, city, state, country, latitude, longitude, image_url, currency, description, rating, day_price, week_price, month_price, manager_id) values (39, 'Subin', '48611 7th Point', 'H3C', 'Assiniboia', 'Saskatchewan', 'Canada', '49.63336', '-105.98446', 'http://dummyimage.com/248x167.jpg/ff4444/ffffff', 'CAD', 'Sed ante. Vivamus tortor. Duis mattis egestas metus.

Aenean fermentum. Donec ut mauris eget massa tempor convallis. Nulla neque libero, convallis eget, eleifend luctus, ultricies eu, nibh.', 1.89, 35, 148, 474, 39);
insert into CoworkingSpace (cws_id, name, address, postal_area, city, state, country, latitude, longitude, image_url, currency, description, rating, day_price, week_price, month_price, manager_id) values (40, 'Stringtough', '19480 Melby Alley', '95064', 'Santa Cruz', 'California', 'United States', 36.9923139, -122.0581762, 'http://dummyimage.com/206x174.jpg/dddddd/000000', 'USD', 'Vestibulum quam sapien, varius ut, blandit non, interdum in, ante. Vestibulum ante ipsum primis in faucibus orci luctus et ultrices posuere cubilia Curae; Duis faucibus accumsan odio. Curabitur convallis.

Duis consequat dui nec nisi volutpat eleifend. Donec ut dolor. Morbi vel lectus in quam fringilla rhoncus.

Mauris enim leo, rhoncus sed, vestibulum sit amet, cursus id, turpis. Integer aliquet, massa id lobortis convallis, tortor risus dapibus augue, vel accumsan tellus nisi eu orci. Mauris lacinia sapien quis libero.', 3.37, 28, 107, 331, 40);
insert into CoworkingSpace (cws_id, name, address, postal_area, city, state, country, latitude, longitude, image_url, currency, description, rating, day_price, week_price, month_price, manager_id) values (41, 'Keylex', '237 Rutledge Lane', 'P2A', 'Parry Sound', 'Ontario', 'Canada', 45.3483509, -80.0175734, 'http://dummyimage.com/170x198.jpg/cc0000/ffffff', 'CAD', 'Cras non velit nec nisi vulputate nonummy. Maecenas tincidunt lacus at velit. Vivamus vel nulla eget eros elementum pellentesque.', 2.44, 43, 141, 329, 41);
insert into CoworkingSpace (cws_id, name, address, postal_area, city, state, country, latitude, longitude, image_url, currency, description, rating, day_price, week_price, month_price, manager_id) values (42, 'Tresom', '9 Quincy Hill', '94263', 'Sacramento', 'California', 'United States', 38.58, -121.49, 'http://dummyimage.com/197x150.jpg/cc0000/ffffff', 'USD', 'Duis consequat dui nec nisi volutpat eleifend. Donec ut dolor. Morbi vel lectus in quam fringilla rhoncus.', 0.16, 45, 101, 359, 42);
insert into CoworkingSpace (cws_id, name, address, postal_area, city, state, country, latitude, longitude, image_url, currency, description, rating, day_price, week_price, month_price, manager_id) values (43, 'Job', '5903 Dorton Junction', '14225', 'Buffalo', 'New York', 'United States', 42.9202891, -78.7589558, 'http://dummyimage.com/150x177.jpg/dddddd/000000', 'USD', 'Maecenas tristique, est et tempus semper, est quam pharetra magna, ac consequat metus sapien ut nunc. Vestibulum ante ipsum primis in faucibus orci luctus et ultrices posuere cubilia Curae; Mauris viverra diam vitae quam. Suspendisse potenti.

Nullam porttitor lacus at turpis. Donec posuere metus vitae ipsum. Aliquam non mauris.', 3.09, 43, 93, 432, 43);
insert into CoworkingSpace (cws_id, name, address, postal_area, city, state, country, latitude, longitude, image_url, currency, description, rating, day_price, week_price, month_price, manager_id) values (44, 'Stronghold', '36 Nancy Avenue', '60505', 'Aurora', 'Illinois', 'United States', 41.7579896, -88.2947675, 'http://dummyimage.com/248x213.jpg/dddddd/000000', 'USD', 'Aenean lectus. Pellentesque eget nunc. Donec quis orci eget orci vehicula condimentum.

Curabitur in libero ut massa volutpat convallis. Morbi odio odio, elementum eu, interdum eu, tincidunt in, leo. Maecenas pulvinar lobortis est.', 2.56, 45, 75, 489, 44);
insert into CoworkingSpace (cws_id, name, address, postal_area, city, state, country, latitude, longitude, image_url, currency, description, rating, day_price, week_price, month_price, manager_id) values (45, 'Zamit', '7130 Nancy Plaza', '28405', 'Wilmington', 'North Carolina', 'United States', 34.2426224, -77.8252923, 'http://dummyimage.com/240x233.jpg/5fa2dd/ffffff', 'USD', 'Cras non velit nec nisi vulputate nonummy. Maecenas tincidunt lacus at velit. Vivamus vel nulla eget eros elementum pellentesque.

Quisque porta volutpat erat. Quisque erat eros, viverra eget, congue eget, semper rutrum, nulla. Nunc purus.

Phasellus in felis. Donec semper sapien a libero. Nam dui.', 4.83, 20, 110, 283, 45);
insert into CoworkingSpace (cws_id, name, address, postal_area, city, state, country, latitude, longitude, image_url, currency, description, rating, day_price, week_price, month_price, manager_id) values (46, 'Rank', '6 Hagan Hill', '75236', 'Dallas', 'Texas', 'United States', 32.6901244, -96.937016, 'http://dummyimage.com/227x160.jpg/ff4444/ffffff', 'USD', 'Proin leo odio, porttitor id, consequat in, consequat ut, nulla. Sed accumsan felis. Ut at dolor quis odio consequat varius.

Integer ac leo. Pellentesque ultrices mattis odio. Donec vitae nisi.

Nam ultrices, libero non mattis pulvinar, nulla pede ullamcorper augue, a suscipit nulla elit ac nulla. Sed vel enim sit amet nunc viverra dapibus. Nulla suscipit ligula in lacus.', 1.68, 43, 141, 371, 46);
insert into CoworkingSpace (cws_id, name, address, postal_area, city, state, country, latitude, longitude, image_url, currency, description, rating, day_price, week_price, month_price, manager_id) values (47, 'Transcof', '79096 Iowa Park', '90076', 'Los Angeles', 'California', 'United States', 34.06, -118.31, 'http://dummyimage.com/105x182.jpg/5fa2dd/ffffff', 'USD', 'Fusce posuere felis sed lacus. Morbi sem mauris, laoreet ut, rhoncus aliquet, pulvinar sed, nisl. Nunc rhoncus dui vel sem.', 1.43, 31, 132, 495, 47);
insert into CoworkingSpace (cws_id, name, address, postal_area, city, state, country, latitude, longitude, image_url, currency, description, rating, day_price, week_price, month_price, manager_id) values (48, 'Temp', '7 Almo Plaza', 'H9A', 'Nakusp', 'British Columbia', 'Canada', '50.24987', '-117.80226', 'http://dummyimage.com/124x141.jpg/cc0000/ffffff', 'CAD', 'Duis consequat dui nec nisi volutpat eleifend. Donec ut dolor. Morbi vel lectus in quam fringilla rhoncus.

Mauris enim leo, rhoncus sed, vestibulum sit amet, cursus id, turpis. Integer aliquet, massa id lobortis convallis, tortor risus dapibus augue, vel accumsan tellus nisi eu orci. Mauris lacinia sapien quis libero.', 1.77, 42, 149, 294, 48);
insert into CoworkingSpace (cws_id, name, address, postal_area, city, state, country, latitude, longitude, image_url, currency, description, rating, day_price, week_price, month_price, manager_id) values (49, 'Temp', '27 Golf Course Avenue', '36109', 'Montgomery', 'Alabama', 'United States', 32.3855324, -86.2514126, 'http://dummyimage.com/221x235.jpg/cc0000/ffffff', 'USD', 'Phasellus sit amet erat. Nulla tempus. Vivamus in felis eu sapien cursus vestibulum.

Proin eu mi. Nulla ac enim. In tempor, turpis nec euismod scelerisque, quam turpis adipiscing lorem, vitae mattis nibh ligula nec sem.', 4.82, 38, 99, 434, 49);
insert into CoworkingSpace (cws_id, name, address, postal_area, city, state, country, latitude, longitude, image_url, currency, description, rating, day_price, week_price, month_price, manager_id) values (50, 'Sonair', '527 Hoard Place', '20238', 'Washington', 'District of Columbia', 'United States', 38.9, -77.04, 'http://dummyimage.com/135x114.jpg/dddddd/000000', 'USD', 'Pellentesque at nulla. Suspendisse potenti. Cras in purus eu magna vulputate luctus.

Cum sociis natoque penatibus et magnis dis parturient montes, nascetur ridiculus mus. Vivamus vestibulum sagittis sapien. Cum sociis natoque penatibus et magnis dis parturient montes, nascetur ridiculus mus.

Etiam vel augue. Vestibulum rutrum rutrum neque. Aenean auctor gravida sem.', 0.44, 44, 145, 427, 50);
insert into CoworkingSpace (cws_id, name, address, postal_area, city, state, country, latitude, longitude, image_url, currency, description, rating, day_price, week_price, month_price, manager_id) values (51, 'Matsoft', '1425 Cambridge Alley', 'H9X', 'Baie-D''Urfé', 'Québec', 'Canada', 45.416456, -73.9160797, 'http://dummyimage.com/240x140.jpg/ff4444/ffffff', 'CAD', 'Maecenas leo odio, condimentum id, luctus nec, molestie sed, justo. Pellentesque viverra pede ac diam. Cras pellentesque volutpat dui.

Maecenas tristique, est et tempus semper, est quam pharetra magna, ac consequat metus sapien ut nunc. Vestibulum ante ipsum primis in faucibus orci luctus et ultrices posuere cubilia Curae; Mauris viverra diam vitae quam. Suspendisse potenti.

Nullam porttitor lacus at turpis. Donec posuere metus vitae ipsum. Aliquam non mauris.', 2.2, 28, 113, 277, 51);
insert into CoworkingSpace (cws_id, name, address, postal_area, city, state, country, latitude, longitude, image_url, currency, description, rating, day_price, week_price, month_price, manager_id) values (52, 'Opela', '48302 Lillian Street', 'V7Y', 'North Vancouver', 'British Columbia', 'Canada', 49.2826578, -123.118728, 'http://dummyimage.com/223x157.jpg/5fa2dd/ffffff', 'CAD', 'Curabitur at ipsum ac tellus semper interdum. Mauris ullamcorper purus sit amet nulla. Quisque arcu libero, rutrum ac, lobortis vel, dapibus at, diam.', 2.17, 20, 76, 500, 52);
insert into CoworkingSpace (cws_id, name, address, postal_area, city, state, country, latitude, longitude, image_url, currency, description, rating, day_price, week_price, month_price, manager_id) values (53, 'Tin', '96783 8th Alley', '34102', 'Naples', 'Florida', 'United States', 26.132433, -81.7951054, 'http://dummyimage.com/105x215.jpg/5fa2dd/ffffff', 'USD', 'Cras mi pede, malesuada in, imperdiet et, commodo vulputate, justo. In blandit ultrices enim. Lorem ipsum dolor sit amet, consectetuer adipiscing elit.', 3.04, 50, 106, 248, 53);
insert into CoworkingSpace (cws_id, name, address, postal_area, city, state, country, latitude, longitude, image_url, currency, description, rating, day_price, week_price, month_price, manager_id) values (54, 'Lotstring', '680 Sutteridge Alley', 'J1T', 'Asbestos', 'Québec', 'Canada', 45.7784442, -71.9229466, 'http://dummyimage.com/185x193.jpg/cc0000/ffffff', 'CAD', 'Pellentesque at nulla. Suspendisse potenti. Cras in purus eu magna vulputate luctus.

Cum sociis natoque penatibus et magnis dis parturient montes, nascetur ridiculus mus. Vivamus vestibulum sagittis sapien. Cum sociis natoque penatibus et magnis dis parturient montes, nascetur ridiculus mus.', 4.57, 24, 132, 424, 54);
insert into CoworkingSpace (cws_id, name, address, postal_area, city, state, country, latitude, longitude, image_url, currency, description, rating, day_price, week_price, month_price, manager_id) values (55, 'Greenlam', '20 Boyd Avenue', 'B1V', 'Sydney Mines', 'Nova Scotia', 'Canada', 46.2475531, -60.2362743, 'http://dummyimage.com/128x156.jpg/5fa2dd/ffffff', 'CAD', 'Maecenas ut massa quis augue luctus tincidunt. Nulla mollis molestie lorem. Quisque ut erat.

Curabitur gravida nisi at nibh. In hac habitasse platea dictumst. Aliquam augue quam, sollicitudin vitae, consectetuer eget, rutrum at, lorem.', 3.23, 25, 132, 426, 55);
insert into CoworkingSpace (cws_id, name, address, postal_area, city, state, country, latitude, longitude, image_url, currency, description, rating, day_price, week_price, month_price, manager_id) values (56, 'Flexidy', '39 Sutherland Junction', '39216', 'Jackson', 'Mississippi', 'United States', 32.3361632, -90.1565209, 'http://dummyimage.com/176x133.jpg/cc0000/ffffff', 'USD', 'Proin eu mi. Nulla ac enim. In tempor, turpis nec euismod scelerisque, quam turpis adipiscing lorem, vitae mattis nibh ligula nec sem.', 4.27, 31, 88, 393, 56);
insert into CoworkingSpace (cws_id, name, address, postal_area, city, state, country, latitude, longitude, image_url, currency, description, rating, day_price, week_price, month_price, manager_id) values (57, 'Stronghold', '8 Mitchell Point', '70894', 'Baton Rouge', 'Louisiana', 'United States', 30.45, -91.15, 'http://dummyimage.com/169x229.jpg/5fa2dd/ffffff', 'USD', 'Donec diam neque, vestibulum eget, vulputate ut, ultrices vel, augue. Vestibulum ante ipsum primis in faucibus orci luctus et ultrices posuere cubilia Curae; Donec pharetra, magna vestibulum aliquet ultrices, erat tortor sollicitudin mi, sit amet lobortis sapien sapien non mi. Integer ac neque.

Duis bibendum. Morbi non quam nec dui luctus rutrum. Nulla tellus.

In sagittis dui vel nisl. Duis ac nibh. Fusce lacus purus, aliquet at, feugiat non, pretium quis, lectus.', 1.56, 38, 135, 279, 57);
insert into CoworkingSpace (cws_id, name, address, postal_area, city, state, country, latitude, longitude, image_url, currency, description, rating, day_price, week_price, month_price, manager_id) values (58, 'Fintone', '95799 Oakridge Way', '25362', 'Charleston', 'West Virginia', 'United States', 38.36, -81.65, 'http://dummyimage.com/177x200.jpg/5fa2dd/ffffff', 'USD', 'Nulla ut erat id mauris vulputate elementum. Nullam varius. Nulla facilisi.

Cras non velit nec nisi vulputate nonummy. Maecenas tincidunt lacus at velit. Vivamus vel nulla eget eros elementum pellentesque.

Quisque porta volutpat erat. Quisque erat eros, viverra eget, congue eget, semper rutrum, nulla. Nunc purus.', 2.16, 44, 137, 462, 58);
insert into CoworkingSpace (cws_id, name, address, postal_area, city, state, country, latitude, longitude, image_url, currency, description, rating, day_price, week_price, month_price, manager_id) values (59, 'Stronghold', '3 Lunder Plaza', '07505', 'Paterson', 'New Jersey', 'United States', 40.9163004, -74.172438, 'http://dummyimage.com/231x104.jpg/5fa2dd/ffffff', 'USD', 'Vestibulum quam sapien, varius ut, blandit non, interdum in, ante. Vestibulum ante ipsum primis in faucibus orci luctus et ultrices posuere cubilia Curae; Duis faucibus accumsan odio. Curabitur convallis.', 4.7, 25, 81, 270, 59);
insert into CoworkingSpace (cws_id, name, address, postal_area, city, state, country, latitude, longitude, image_url, currency, description, rating, day_price, week_price, month_price, manager_id) values (60, 'Konklab', '59 Mockingbird Drive', '64136', 'Kansas City', 'Missouri', 'United States', 39.014268, -94.4027782, 'http://dummyimage.com/183x168.jpg/dddddd/000000', 'USD', 'Nam ultrices, libero non mattis pulvinar, nulla pede ullamcorper augue, a suscipit nulla elit ac nulla. Sed vel enim sit amet nunc viverra dapibus. Nulla suscipit ligula in lacus.

Curabitur at ipsum ac tellus semper interdum. Mauris ullamcorper purus sit amet nulla. Quisque arcu libero, rutrum ac, lobortis vel, dapibus at, diam.', 3.03, 48, 114, 280, 60);
insert into CoworkingSpace (cws_id, name, address, postal_area, city, state, country, latitude, longitude, image_url, currency, description, rating, day_price, week_price, month_price, manager_id) values (61, 'Fix San', '47820 Upham Junction', 'E4W', 'Richibucto', 'New Brunswick', 'Canada', 46.6817873, -64.8659804, 'http://dummyimage.com/216x239.jpg/cc0000/ffffff', 'CAD', 'Cum sociis natoque penatibus et magnis dis parturient montes, nascetur ridiculus mus. Vivamus vestibulum sagittis sapien. Cum sociis natoque penatibus et magnis dis parturient montes, nascetur ridiculus mus.

Etiam vel augue. Vestibulum rutrum rutrum neque. Aenean auctor gravida sem.

Praesent id massa id nisl venenatis lacinia. Aenean sit amet justo. Morbi ut odio.', 1.46, 46, 116, 258, 61);
insert into CoworkingSpace (cws_id, name, address, postal_area, city, state, country, latitude, longitude, image_url, currency, description, rating, day_price, week_price, month_price, manager_id) values (62, 'Alpha', '684 Mccormick Circle', 'S3N', 'Berthierville', 'Québec', 'Canada', '46.08336', '-73.18245', 'http://dummyimage.com/235x215.jpg/dddddd/000000', 'CAD', 'Nullam porttitor lacus at turpis. Donec posuere metus vitae ipsum. Aliquam non mauris.', 3.92, 44, 143, 237, 62);
insert into CoworkingSpace (cws_id, name, address, postal_area, city, state, country, latitude, longitude, image_url, currency, description, rating, day_price, week_price, month_price, manager_id) values (63, 'Opela', '789 Merrick Plaza', '23242', 'Richmond', 'Virginia', 'United States', 37.62, -77.61, 'http://dummyimage.com/155x236.jpg/5fa2dd/ffffff', 'USD', 'Vestibulum quam sapien, varius ut, blandit non, interdum in, ante. Vestibulum ante ipsum primis in faucibus orci luctus et ultrices posuere cubilia Curae; Duis faucibus accumsan odio. Curabitur convallis.', 1.16, 34, 82, 377, 63);
insert into CoworkingSpace (cws_id, name, address, postal_area, city, state, country, latitude, longitude, image_url, currency, description, rating, day_price, week_price, month_price, manager_id) values (64, 'Tin', '6412 Fieldstone Circle', '07505', 'Paterson', 'New Jersey', 'United States', 40.9163004, -74.172438, 'http://dummyimage.com/116x245.jpg/cc0000/ffffff', 'USD', 'Lorem ipsum dolor sit amet, consectetuer adipiscing elit. Proin risus. Praesent lectus.

Vestibulum quam sapien, varius ut, blandit non, interdum in, ante. Vestibulum ante ipsum primis in faucibus orci luctus et ultrices posuere cubilia Curae; Duis faucibus accumsan odio. Curabitur convallis.', 2.37, 24, 115, 344, 64);
insert into CoworkingSpace (cws_id, name, address, postal_area, city, state, country, latitude, longitude, image_url, currency, description, rating, day_price, week_price, month_price, manager_id) values (65, 'Alpha', '64284 East Plaza', 'G8A', 'Beaverlodge', 'Alberta', 'Canada', '55.21664', '-119.43605', 'http://dummyimage.com/106x134.jpg/ff4444/ffffff', 'CAD', 'Integer ac leo. Pellentesque ultrices mattis odio. Donec vitae nisi.', 1.12, 49, 123, 445, 65);
insert into CoworkingSpace (cws_id, name, address, postal_area, city, state, country, latitude, longitude, image_url, currency, description, rating, day_price, week_price, month_price, manager_id) values (66, 'Stronghold', '78 Independence Lane', '85260', 'Scottsdale', 'Arizona', 'United States', 33.6160293, -111.8926303, 'http://dummyimage.com/248x151.jpg/dddddd/000000', 'USD', 'Donec diam neque, vestibulum eget, vulputate ut, ultrices vel, augue. Vestibulum ante ipsum primis in faucibus orci luctus et ultrices posuere cubilia Curae; Donec pharetra, magna vestibulum aliquet ultrices, erat tortor sollicitudin mi, sit amet lobortis sapien sapien non mi. Integer ac neque.

Duis bibendum. Morbi non quam nec dui luctus rutrum. Nulla tellus.

In sagittis dui vel nisl. Duis ac nibh. Fusce lacus purus, aliquet at, feugiat non, pretium quis, lectus.', 3.2, 49, 113, 376, 66);
insert into CoworkingSpace (cws_id, name, address, postal_area, city, state, country, latitude, longitude, image_url, currency, description, rating, day_price, week_price, month_price, manager_id) values (67, 'Job', '38012 Columbus Lane', '77260', 'Houston', 'Texas', 'United States', 32.9536923, -96.816156, 'http://dummyimage.com/239x177.jpg/5fa2dd/ffffff', 'USD', 'Sed sagittis. Nam congue, risus semper porta volutpat, quam pede lobortis ligula, sit amet eleifend pede libero quis orci. Nullam molestie nibh in lectus.', 3.54, 24, 90, 464, 67);
insert into CoworkingSpace (cws_id, name, address, postal_area, city, state, country, latitude, longitude, image_url, currency, description, rating, day_price, week_price, month_price, manager_id) values (68, 'Holdlamis', '2134 Spenser Circle', 'J3V', 'Saint-Bruno-de-Montarville', 'Québec', 'Canada', 45.5257774, -73.3436918, 'http://dummyimage.com/150x215.jpg/dddddd/000000', 'CAD', 'Proin leo odio, porttitor id, consequat in, consequat ut, nulla. Sed accumsan felis. Ut at dolor quis odio consequat varius.

Integer ac leo. Pellentesque ultrices mattis odio. Donec vitae nisi.

Nam ultrices, libero non mattis pulvinar, nulla pede ullamcorper augue, a suscipit nulla elit ac nulla. Sed vel enim sit amet nunc viverra dapibus. Nulla suscipit ligula in lacus.', 2.87, 20, 118, 453, 68);
insert into CoworkingSpace (cws_id, name, address, postal_area, city, state, country, latitude, longitude, image_url, currency, description, rating, day_price, week_price, month_price, manager_id) values (69, 'Stringtough', '403 Monument Parkway', '44315', 'Akron', 'Ohio', 'United States', 41.0285407, -81.4633516, 'http://dummyimage.com/125x237.jpg/5fa2dd/ffffff', 'USD', 'Proin eu mi. Nulla ac enim. In tempor, turpis nec euismod scelerisque, quam turpis adipiscing lorem, vitae mattis nibh ligula nec sem.', 2.24, 36, 124, 341, 69);
insert into CoworkingSpace (cws_id, name, address, postal_area, city, state, country, latitude, longitude, image_url, currency, description, rating, day_price, week_price, month_price, manager_id) values (70, 'Latlux', '84 Randy Place', '76210', 'Denton', 'Texas', 'United States', 33.1362221, -97.0821162, 'http://dummyimage.com/198x151.jpg/ff4444/ffffff', 'USD', 'In congue. Etiam justo. Etiam pretium iaculis justo.

In hac habitasse platea dictumst. Etiam faucibus cursus urna. Ut tellus.', 4.08, 45, 149, 304, 70);
insert into CoworkingSpace (cws_id, name, address, postal_area, city, state, country, latitude, longitude, image_url, currency, description, rating, day_price, week_price, month_price, manager_id) values (71, 'Fix San', '5423 Hagan Hill', '70174', 'New Orleans', 'Louisiana', 'United States', 29.9246825, -90.0163544, 'http://dummyimage.com/212x104.jpg/ff4444/ffffff', 'USD', 'Quisque id justo sit amet sapien dignissim vestibulum. Vestibulum ante ipsum primis in faucibus orci luctus et ultrices posuere cubilia Curae; Nulla dapibus dolor vel est. Donec odio justo, sollicitudin ut, suscipit a, feugiat et, eros.

Vestibulum ac est lacinia nisi venenatis tristique. Fusce congue, diam id ornare imperdiet, sapien urna pretium nisl, ut volutpat sapien arcu sed augue. Aliquam erat volutpat.

In congue. Etiam justo. Etiam pretium iaculis justo.', 3.72, 43, 141, 290, 71);
insert into CoworkingSpace (cws_id, name, address, postal_area, city, state, country, latitude, longitude, image_url, currency, description, rating, day_price, week_price, month_price, manager_id) values (72, 'Aerified', '9 Londonderry Junction', '64082', 'Lees Summit', 'Missouri', 'United States', 38.8525512, -94.4079213, 'http://dummyimage.com/113x198.jpg/cc0000/ffffff', 'USD', 'Donec diam neque, vestibulum eget, vulputate ut, ultrices vel, augue. Vestibulum ante ipsum primis in faucibus orci luctus et ultrices posuere cubilia Curae; Donec pharetra, magna vestibulum aliquet ultrices, erat tortor sollicitudin mi, sit amet lobortis sapien sapien non mi. Integer ac neque.

Duis bibendum. Morbi non quam nec dui luctus rutrum. Nulla tellus.', 3.25, 22, 141, 204, 72);
insert into CoworkingSpace (cws_id, name, address, postal_area, city, state, country, latitude, longitude, image_url, currency, description, rating, day_price, week_price, month_price, manager_id) values (73, 'Ronstring', '27391 Sycamore Park', '75342', 'Dallas', 'Texas', 'United States', 32.8094568, -96.889555, 'http://dummyimage.com/220x162.jpg/dddddd/000000', 'USD', 'In quis justo. Maecenas rhoncus aliquam lacus. Morbi quis tortor id nulla ultrices aliquet.', 2.22, 46, 99, 314, 73);
insert into CoworkingSpace (cws_id, name, address, postal_area, city, state, country, latitude, longitude, image_url, currency, description, rating, day_price, week_price, month_price, manager_id) values (74, 'Zontrax', '22203 Mosinee Street', 'M1E', 'Gibbons', 'Alberta', 'Canada', '53.83345', '-113.33531', 'http://dummyimage.com/186x228.jpg/ff4444/ffffff', 'CAD', 'Aliquam quis turpis eget elit sodales scelerisque. Mauris sit amet eros. Suspendisse accumsan tortor quis turpis.

Sed ante. Vivamus tortor. Duis mattis egestas metus.', 2.55, 42, 150, 436, 74);
insert into CoworkingSpace (cws_id, name, address, postal_area, city, state, country, latitude, longitude, image_url, currency, description, rating, day_price, week_price, month_price, manager_id) values (75, 'Bigtax', '05076 Arizona Drive', 'M1C', 'Beausejour', 'Manitoba', 'Canada', '50.0622', '-96.51669', 'http://dummyimage.com/204x177.jpg/5fa2dd/ffffff', 'CAD', 'Integer tincidunt ante vel ipsum. Praesent blandit lacinia erat. Vestibulum sed magna at nunc commodo placerat.', 4.97, 22, 91, 266, 75);
insert into CoworkingSpace (cws_id, name, address, postal_area, city, state, country, latitude, longitude, image_url, currency, description, rating, day_price, week_price, month_price, manager_id) values (76, 'Alphazap', '5912 Milwaukee Way', '06854', 'Norwalk', 'Connecticut', 'United States', 41.0924881, -73.4239143, 'http://dummyimage.com/110x181.jpg/ff4444/ffffff', 'USD', 'Aenean lectus. Pellentesque eget nunc. Donec quis orci eget orci vehicula condimentum.

Curabitur in libero ut massa volutpat convallis. Morbi odio odio, elementum eu, interdum eu, tincidunt in, leo. Maecenas pulvinar lobortis est.

Phasellus sit amet erat. Nulla tempus. Vivamus in felis eu sapien cursus vestibulum.', 0.54, 32, 96, 446, 76);
insert into CoworkingSpace (cws_id, name, address, postal_area, city, state, country, latitude, longitude, image_url, currency, description, rating, day_price, week_price, month_price, manager_id) values (77, 'Trippledex', '67 Spenser Center', '16505', 'Erie', 'Pennsylvania', 'United States', 42.0948645, -80.1707662, 'http://dummyimage.com/239x218.jpg/ff4444/ffffff', 'USD', 'Praesent id massa id nisl venenatis lacinia. Aenean sit amet justo. Morbi ut odio.

Cras mi pede, malesuada in, imperdiet et, commodo vulputate, justo. In blandit ultrices enim. Lorem ipsum dolor sit amet, consectetuer adipiscing elit.', 4.5, 40, 126, 391, 77);
insert into CoworkingSpace (cws_id, name, address, postal_area, city, state, country, latitude, longitude, image_url, currency, description, rating, day_price, week_price, month_price, manager_id) values (78, 'Temp', '7 Scoville Hill', '95160', 'San Jose', 'California', 'United States', 37.22, -121.86, 'http://dummyimage.com/167x150.jpg/cc0000/ffffff', 'USD', 'Mauris enim leo, rhoncus sed, vestibulum sit amet, cursus id, turpis. Integer aliquet, massa id lobortis convallis, tortor risus dapibus augue, vel accumsan tellus nisi eu orci. Mauris lacinia sapien quis libero.

Nullam sit amet turpis elementum ligula vehicula consequat. Morbi a ipsum. Integer a nibh.', 0.22, 50, 142, 283, 78);
insert into CoworkingSpace (cws_id, name, address, postal_area, city, state, country, latitude, longitude, image_url, currency, description, rating, day_price, week_price, month_price, manager_id) values (79, 'Holdlamis', '39 Kipling Park', '15266', 'Pittsburgh', 'Pennsylvania', 'United States', 40.5053499, -80.04928, 'http://dummyimage.com/249x123.jpg/dddddd/000000', 'USD', 'Etiam vel augue. Vestibulum rutrum rutrum neque. Aenean auctor gravida sem.

Praesent id massa id nisl venenatis lacinia. Aenean sit amet justo. Morbi ut odio.

Cras mi pede, malesuada in, imperdiet et, commodo vulputate, justo. In blandit ultrices enim. Lorem ipsum dolor sit amet, consectetuer adipiscing elit.', 1.7, 34, 146, 450, 79);
insert into CoworkingSpace (cws_id, name, address, postal_area, city, state, country, latitude, longitude, image_url, currency, description, rating, day_price, week_price, month_price, manager_id) values (80, 'Daltfresh', '129 Scott Avenue', '43210', 'Columbus', 'Ohio', 'United States', 39.9990626, -83.0173386, 'http://dummyimage.com/194x171.jpg/ff4444/ffffff', 'USD', 'Fusce posuere felis sed lacus. Morbi sem mauris, laoreet ut, rhoncus aliquet, pulvinar sed, nisl. Nunc rhoncus dui vel sem.

Sed sagittis. Nam congue, risus semper porta volutpat, quam pede lobortis ligula, sit amet eleifend pede libero quis orci. Nullam molestie nibh in lectus.', 3.67, 34, 142, 261, 80);
insert into CoworkingSpace (cws_id, name, address, postal_area, city, state, country, latitude, longitude, image_url, currency, description, rating, day_price, week_price, month_price, manager_id) values (81, 'Stim', '51189 Oak Road', 'E6J', 'North Perth', 'Ontario', 'Canada', '43.7251', '-80.96723', 'http://dummyimage.com/101x205.jpg/cc0000/ffffff', 'CAD', 'Proin leo odio, porttitor id, consequat in, consequat ut, nulla. Sed accumsan felis. Ut at dolor quis odio consequat varius.

Integer ac leo. Pellentesque ultrices mattis odio. Donec vitae nisi.

Nam ultrices, libero non mattis pulvinar, nulla pede ullamcorper augue, a suscipit nulla elit ac nulla. Sed vel enim sit amet nunc viverra dapibus. Nulla suscipit ligula in lacus.', 2.32, 46, 145, 473, 81);
insert into CoworkingSpace (cws_id, name, address, postal_area, city, state, country, latitude, longitude, image_url, currency, description, rating, day_price, week_price, month_price, manager_id) values (82, 'Andalax', '73 Tennessee Junction', '98506', 'Olympia', 'Washington', 'United States', 47.0378741, -122.9006951, 'http://dummyimage.com/187x234.jpg/dddddd/000000', 'USD', 'Praesent blandit. Nam nulla. Integer pede justo, lacinia eget, tincidunt eget, tempus vel, pede.

Morbi porttitor lorem id ligula. Suspendisse ornare consequat lectus. In est risus, auctor sed, tristique in, tempus sit amet, sem.', 4.48, 24, 110, 236, 82);
insert into CoworkingSpace (cws_id, name, address, postal_area, city, state, country, latitude, longitude, image_url, currency, description, rating, day_price, week_price, month_price, manager_id) values (83, 'Bigtax', '57 Westerfield Place', '44185', 'Cleveland', 'Ohio', 'United States', 42.3662435, -83.3270994, 'http://dummyimage.com/201x205.jpg/cc0000/ffffff', 'USD', 'In hac habitasse platea dictumst. Etiam faucibus cursus urna. Ut tellus.

Nulla ut erat id mauris vulputate elementum. Nullam varius. Nulla facilisi.

Cras non velit nec nisi vulputate nonummy. Maecenas tincidunt lacus at velit. Vivamus vel nulla eget eros elementum pellentesque.', 3.36, 27, 131, 480, 83);
insert into CoworkingSpace (cws_id, name, address, postal_area, city, state, country, latitude, longitude, image_url, currency, description, rating, day_price, week_price, month_price, manager_id) values (84, 'Biodex', '2 Crownhardt Lane', '20575', 'Washington', 'District of Columbia', 'United States', 38.8991558, -77.0380148, 'http://dummyimage.com/145x141.jpg/cc0000/ffffff', 'USD', 'In hac habitasse platea dictumst. Etiam faucibus cursus urna. Ut tellus.

Nulla ut erat id mauris vulputate elementum. Nullam varius. Nulla facilisi.', 3.72, 42, 134, 291, 84);
insert into CoworkingSpace (cws_id, name, address, postal_area, city, state, country, latitude, longitude, image_url, currency, description, rating, day_price, week_price, month_price, manager_id) values (85, 'Sonsing', '27 Birchwood Lane', '32885', 'Orlando', 'Florida', 'United States', 28.54, -81.38, 'http://dummyimage.com/116x175.jpg/5fa2dd/ffffff', 'USD', 'Morbi porttitor lorem id ligula. Suspendisse ornare consequat lectus. In est risus, auctor sed, tristique in, tempus sit amet, sem.', 0.13, 46, 146, 357, 85);
insert into CoworkingSpace (cws_id, name, address, postal_area, city, state, country, latitude, longitude, image_url, currency, description, rating, day_price, week_price, month_price, manager_id) values (86, 'Voltsillam', '09267 Riverside Lane', '90065', 'Los Angeles', 'California', 'United States', 34.10885, -118.2234229, 'http://dummyimage.com/206x234.jpg/ff4444/ffffff', 'USD', 'Praesent blandit. Nam nulla. Integer pede justo, lacinia eget, tincidunt eget, tempus vel, pede.', 0.75, 21, 98, 303, 86);
insert into CoworkingSpace (cws_id, name, address, postal_area, city, state, country, latitude, longitude, image_url, currency, description, rating, day_price, week_price, month_price, manager_id) values (87, 'Mat Lam Tam', '57088 Badeau Way', '33129', 'Miami', 'Florida', 'United States', 25.7564471, -80.2056382, 'http://dummyimage.com/147x161.jpg/cc0000/ffffff', 'USD', 'Pellentesque at nulla. Suspendisse potenti. Cras in purus eu magna vulputate luctus.

Cum sociis natoque penatibus et magnis dis parturient montes, nascetur ridiculus mus. Vivamus vestibulum sagittis sapien. Cum sociis natoque penatibus et magnis dis parturient montes, nascetur ridiculus mus.

Etiam vel augue. Vestibulum rutrum rutrum neque. Aenean auctor gravida sem.', 0.09, 23, 139, 264, 87);
insert into CoworkingSpace (cws_id, name, address, postal_area, city, state, country, latitude, longitude, image_url, currency, description, rating, day_price, week_price, month_price, manager_id) values (88, 'Alphazap', '35 Carioca Trail', '71137', 'Shreveport', 'Louisiana', 'United States', 32.59, -93.85, 'http://dummyimage.com/167x132.jpg/cc0000/ffffff', 'USD', 'Integer ac leo. Pellentesque ultrices mattis odio. Donec vitae nisi.

Nam ultrices, libero non mattis pulvinar, nulla pede ullamcorper augue, a suscipit nulla elit ac nulla. Sed vel enim sit amet nunc viverra dapibus. Nulla suscipit ligula in lacus.', 0.29, 25, 82, 208, 88);
insert into CoworkingSpace (cws_id, name, address, postal_area, city, state, country, latitude, longitude, image_url, currency, description, rating, day_price, week_price, month_price, manager_id) values (89, 'Regrant', '2033 Oak Circle', '21239', 'Baltimore', 'Maryland', 'United States', 39.3614334, -76.5892774, 'http://dummyimage.com/219x107.jpg/dddddd/000000', 'USD', 'Integer tincidunt ante vel ipsum. Praesent blandit lacinia erat. Vestibulum sed magna at nunc commodo placerat.

Praesent blandit. Nam nulla. Integer pede justo, lacinia eget, tincidunt eget, tempus vel, pede.', 1.96, 48, 137, 410, 89);
insert into CoworkingSpace (cws_id, name, address, postal_area, city, state, country, latitude, longitude, image_url, currency, description, rating, day_price, week_price, month_price, manager_id) values (90, 'Tin', '358 Becker Hill', '98405', 'Tacoma', 'Washington', 'United States', 47.2457073, -122.4773432, 'http://dummyimage.com/217x158.jpg/5fa2dd/ffffff', 'USD', 'Curabitur gravida nisi at nibh. In hac habitasse platea dictumst. Aliquam augue quam, sollicitudin vitae, consectetuer eget, rutrum at, lorem.', 2.99, 38, 131, 234, 90);
insert into CoworkingSpace (cws_id, name, address, postal_area, city, state, country, latitude, longitude, image_url, currency, description, rating, day_price, week_price, month_price, manager_id) values (91, 'Bigtax', '526 Roth Crossing', 'L2A', 'Parrsboro', 'Nova Scotia', 'Canada', '45.40015', '-64.33205', 'http://dummyimage.com/247x179.jpg/cc0000/ffffff', 'CAD', 'Cras non velit nec nisi vulputate nonummy. Maecenas tincidunt lacus at velit. Vivamus vel nulla eget eros elementum pellentesque.

Quisque porta volutpat erat. Quisque erat eros, viverra eget, congue eget, semper rutrum, nulla. Nunc purus.', 3.31, 40, 103, 287, 91);
insert into CoworkingSpace (cws_id, name, address, postal_area, city, state, country, latitude, longitude, image_url, currency, description, rating, day_price, week_price, month_price, manager_id) values (92, 'Vagram', '0 Moose Drive', 'H9X', 'Baie-D''Urfé', 'Québec', 'Canada', 45.416456, -73.9160797, 'http://dummyimage.com/118x115.jpg/ff4444/ffffff', 'CAD', 'Nullam porttitor lacus at turpis. Donec posuere metus vitae ipsum. Aliquam non mauris.

Morbi non lectus. Aliquam sit amet diam in magna bibendum imperdiet. Nullam orci pede, venenatis non, sodales sed, tincidunt eu, felis.

Fusce posuere felis sed lacus. Morbi sem mauris, laoreet ut, rhoncus aliquet, pulvinar sed, nisl. Nunc rhoncus dui vel sem.', 1.4, 43, 104, 438, 92);
insert into CoworkingSpace (cws_id, name, address, postal_area, city, state, country, latitude, longitude, image_url, currency, description, rating, day_price, week_price, month_price, manager_id) values (93, 'Bigtax', '1050 Walton Parkway', '61110', 'Rockford', 'Illinois', 'United States', 42.2685543, -89.0965841, 'http://dummyimage.com/200x204.jpg/ff4444/ffffff', 'USD', 'Nullam porttitor lacus at turpis. Donec posuere metus vitae ipsum. Aliquam non mauris.

Morbi non lectus. Aliquam sit amet diam in magna bibendum imperdiet. Nullam orci pede, venenatis non, sodales sed, tincidunt eu, felis.

Fusce posuere felis sed lacus. Morbi sem mauris, laoreet ut, rhoncus aliquet, pulvinar sed, nisl. Nunc rhoncus dui vel sem.', 0.77, 21, 89, 309, 93);
insert into CoworkingSpace (cws_id, name, address, postal_area, city, state, country, latitude, longitude, image_url, currency, description, rating, day_price, week_price, month_price, manager_id) values (94, 'Job', '9 Reinke Plaza', '85383', 'Peoria', 'Arizona', 'United States', 33.7868136, -112.28609, 'http://dummyimage.com/213x237.jpg/5fa2dd/ffffff', 'USD', 'Donec diam neque, vestibulum eget, vulputate ut, ultrices vel, augue. Vestibulum ante ipsum primis in faucibus orci luctus et ultrices posuere cubilia Curae; Donec pharetra, magna vestibulum aliquet ultrices, erat tortor sollicitudin mi, sit amet lobortis sapien sapien non mi. Integer ac neque.', 3.0, 29, 144, 428, 94);
insert into CoworkingSpace (cws_id, name, address, postal_area, city, state, country, latitude, longitude, image_url, currency, description, rating, day_price, week_price, month_price, manager_id) values (95, 'Toughjoyfax', '6 Schurz Terrace', '79999', 'El Paso', 'Texas', 'United States', 31.77, -106.43, 'http://dummyimage.com/222x216.jpg/5fa2dd/ffffff', 'USD', 'Lorem ipsum dolor sit amet, consectetuer adipiscing elit. Proin risus. Praesent lectus.

Vestibulum quam sapien, varius ut, blandit non, interdum in, ante. Vestibulum ante ipsum primis in faucibus orci luctus et ultrices posuere cubilia Curae; Duis faucibus accumsan odio. Curabitur convallis.

Duis consequat dui nec nisi volutpat eleifend. Donec ut dolor. Morbi vel lectus in quam fringilla rhoncus.', 4.98, 33, 146, 234, 95);
insert into CoworkingSpace (cws_id, name, address, postal_area, city, state, country, latitude, longitude, image_url, currency, description, rating, day_price, week_price, month_price, manager_id) values (96, 'Otcom', '3690 Basil Way', 'H4S', 'Lac du Bonnet', 'Manitoba', 'Canada', '50.2536', '-96.06116', 'http://dummyimage.com/227x147.jpg/cc0000/ffffff', 'CAD', 'Nullam porttitor lacus at turpis. Donec posuere metus vitae ipsum. Aliquam non mauris.

Morbi non lectus. Aliquam sit amet diam in magna bibendum imperdiet. Nullam orci pede, venenatis non, sodales sed, tincidunt eu, felis.', 1.35, 26, 87, 318, 96);
insert into CoworkingSpace (cws_id, name, address, postal_area, city, state, country, latitude, longitude, image_url, currency, description, rating, day_price, week_price, month_price, manager_id) values (97, 'Solarbreeze', '27 Rutledge Circle', '06905', 'Stamford', 'Connecticut', 'United States', 41.0901834, -73.541744, 'http://dummyimage.com/107x168.jpg/dddddd/000000', 'USD', 'Sed sagittis. Nam congue, risus semper porta volutpat, quam pede lobortis ligula, sit amet eleifend pede libero quis orci. Nullam molestie nibh in lectus.', 4.88, 26, 131, 483, 97);
insert into CoworkingSpace (cws_id, name, address, postal_area, city, state, country, latitude, longitude, image_url, currency, description, rating, day_price, week_price, month_price, manager_id) values (98, 'Transcof', '20027 Springview Terrace', 'N3T', 'Brant', 'Ontario', 'Canada', 43.1564817, -80.1651854, 'http://dummyimage.com/249x191.jpg/ff4444/ffffff', 'CAD', 'In congue. Etiam justo. Etiam pretium iaculis justo.

In hac habitasse platea dictumst. Etiam faucibus cursus urna. Ut tellus.', 4.0, 41, 92, 268, 98);
insert into CoworkingSpace (cws_id, name, address, postal_area, city, state, country, latitude, longitude, image_url, currency, description, rating, day_price, week_price, month_price, manager_id) values (99, 'Rank', '9 Starling Court', '10125', 'New York City', 'New York', 'United States', 40.8, -73.97, 'http://dummyimage.com/225x146.jpg/ff4444/ffffff', 'USD', 'Duis bibendum. Morbi non quam nec dui luctus rutrum. Nulla tellus.', 2.49, 33, 119, 395, 99);
insert into CoworkingSpace (cws_id, name, address, postal_area, city, state, country, latitude, longitude, image_url, currency, description, rating, day_price, week_price, month_price, manager_id) values (100, 'Ronstring', '92 Ludington Terrace', '85383', 'Peoria', 'Arizona', 'United States', 33.7868136, -112.28609, 'http://dummyimage.com/231x209.jpg/5fa2dd/ffffff', 'USD', 'Morbi non lectus. Aliquam sit amet diam in magna bibendum imperdiet. Nullam orci pede, venenatis non, sodales sed, tincidunt eu, felis.

Fusce posuere felis sed lacus. Morbi sem mauris, laoreet ut, rhoncus aliquet, pulvinar sed, nisl. Nunc rhoncus dui vel sem.', 1.59, 25, 102, 350, 100);


insert into Review (cws_id, coworker_id, rating, title, comment) values (15, 86, 3.17, 'capability', 'Cras non velit nec nisi vulputate nonummy. Maecenas tincidunt lacus at velit. Vivamus vel nulla eget eros elementum pellentesque.');
insert into Review (cws_id, coworker_id, rating, title, comment) values (52, 99, 1.48, 'Automated', 'Donec diam neque, vestibulum eget, vulputate ut, ultrices vel, augue. Vestibulum ante ipsum primis in faucibus orci luctus et ultrices posuere cubilia Curae; Donec pharetra, magna vestibulum aliquet ultrices, erat tortor sollicitudin mi, sit amet lobortis sapien sapien non mi. Integer ac neque.');
insert into Review (cws_id, coworker_id, rating, title, comment) values (7, 39, 4.07, 'Multi-tiered', 'Curabitur at ipsum ac tellus semper interdum. Mauris ullamcorper purus sit amet nulla. Quisque arcu libero, rutrum ac, lobortis vel, dapibus at, diam.');
insert into Review (cws_id, coworker_id, rating, title, comment) values (92, 48, 4.21, 'Enterprise-wide', 'Maecenas ut massa quis augue luctus tincidunt. Nulla mollis molestie lorem. Quisque ut erat.');
insert into Review (cws_id, coworker_id, rating, title, comment) values (59, 42, 4.1, 'Virtual', 'Praesent blandit. Nam nulla. Integer pede justo, lacinia eget, tincidunt eget, tempus vel, pede.');
insert into Review (cws_id, coworker_id, rating, title, comment) values (11, 7, 3.81, 'Implemented', 'Mauris enim leo, rhoncus sed, vestibulum sit amet, cursus id, turpis. Integer aliquet, massa id lobortis convallis, tortor risus dapibus augue, vel accumsan tellus nisi eu orci. Mauris lacinia sapien quis libero.');
insert into Review (cws_id, coworker_id, rating, title, comment) values (9, 74, 3.23, 'encoding', 'Proin leo odio, porttitor id, consequat in, consequat ut, nulla. Sed accumsan felis. Ut at dolor quis odio consequat varius.');
insert into Review (cws_id, coworker_id, rating, title, comment) values (53, 35, 3.42, 'Robust', 'Maecenas ut massa quis augue luctus tincidunt. Nulla mollis molestie lorem. Quisque ut erat.');
insert into Review (cws_id, coworker_id, rating, title, comment) values (83, 1, 1.26, 'foreground', 'Duis consequat dui nec nisi volutpat eleifend. Donec ut dolor. Morbi vel lectus in quam fringilla rhoncus.');
insert into Review (cws_id, coworker_id, rating, title, comment) values (36, 47, 4.09, 'Reduced', 'Fusce consequat. Nulla nisl. Nunc nisl.');
insert into Review (cws_id, coworker_id, rating, title, comment) values (75, 18, 1.37, 'Expanded', 'Cras non velit nec nisi vulputate nonummy. Maecenas tincidunt lacus at velit. Vivamus vel nulla eget eros elementum pellentesque.');
insert into Review (cws_id, coworker_id, rating, title, comment) values (53, 28, 2.85, 'multi-state', 'Praesent blandit. Nam nulla. Integer pede justo, lacinia eget, tincidunt eget, tempus vel, pede.');
insert into Review (cws_id, coworker_id, rating, title, comment) values (93, 67, 1.11, 'Reactive', 'Sed sagittis. Nam congue, risus semper porta volutpat, quam pede lobortis ligula, sit amet eleifend pede libero quis orci. Nullam molestie nibh in lectus.');
insert into Review (cws_id, coworker_id, rating, title, comment) values (37, 86, 2.9, 'Seamless', 'Proin eu mi. Nulla ac enim. In tempor, turpis nec euismod scelerisque, quam turpis adipiscing lorem, vitae mattis nibh ligula nec sem.');
insert into Review (cws_id, coworker_id, rating, title, comment) values (3, 80, 1.49, 'success', 'Nullam porttitor lacus at turpis. Donec posuere metus vitae ipsum. Aliquam non mauris.');
insert into Review (cws_id, coworker_id, rating, title, comment) values (4, 73, 4.53, 'Distributed', 'Maecenas tristique, est et tempus semper, est quam pharetra magna, ac consequat metus sapien ut nunc. Vestibulum ante ipsum primis in faucibus orci luctus et ultrices posuere cubilia Curae; Mauris viverra diam vitae quam. Suspendisse potenti.');
insert into Review (cws_id, coworker_id, rating, title, comment) values (73, 92, 1.19, 'firmware', 'Etiam vel augue. Vestibulum rutrum rutrum neque. Aenean auctor gravida sem.');
insert into Review (cws_id, coworker_id, rating, title, comment) values (82, 5, 1.1, 'model', 'Fusce posuere felis sed lacus. Morbi sem mauris, laoreet ut, rhoncus aliquet, pulvinar sed, nisl. Nunc rhoncus dui vel sem.');
insert into Review (cws_id, coworker_id, rating, title, comment) values (81, 74, 2.65, 'Realigned', 'Sed ante. Vivamus tortor. Duis mattis egestas metus.');
insert into Review (cws_id, coworker_id, rating, title, comment) values (65, 89, 1.78, 'Phased', 'Fusce posuere felis sed lacus. Morbi sem mauris, laoreet ut, rhoncus aliquet, pulvinar sed, nisl. Nunc rhoncus dui vel sem.');
insert into Review (cws_id, coworker_id, rating, title, comment) values (41, 12, 2.02, 'help-desk', 'Proin interdum mauris non ligula pellentesque ultrices. Phasellus id sapien in sapien iaculis congue. Vivamus metus arcu, adipiscing molestie, hendrerit at, vulputate vitae, nisl.');
insert into Review (cws_id, coworker_id, rating, title, comment) values (15, 73, 1.75, 'website', 'In hac habitasse platea dictumst. Etiam faucibus cursus urna. Ut tellus.');
insert into Review (cws_id, coworker_id, rating, title, comment) values (17, 20, 1.33, 'secondary', 'Proin eu mi. Nulla ac enim. In tempor, turpis nec euismod scelerisque, quam turpis adipiscing lorem, vitae mattis nibh ligula nec sem.');
insert into Review (cws_id, coworker_id, rating, title, comment) values (35, 30, 2.72, 'Monitored', 'Duis consequat dui nec nisi volutpat eleifend. Donec ut dolor. Morbi vel lectus in quam fringilla rhoncus.');
insert into Review (cws_id, coworker_id, rating, title, comment) values (94, 40, 4.3, 'orchestration', 'Maecenas leo odio, condimentum id, luctus nec, molestie sed, justo. Pellentesque viverra pede ac diam. Cras pellentesque volutpat dui.');
insert into Review (cws_id, coworker_id, rating, title, comment) values (8, 70, 1.59, 'responsive', 'Cras mi pede, malesuada in, imperdiet et, commodo vulputate, justo. In blandit ultrices enim. Lorem ipsum dolor sit amet, consectetuer adipiscing elit.');
insert into Review (cws_id, coworker_id, rating, title, comment) values (76, 47, 2.7, 'project', 'Donec diam neque, vestibulum eget, vulputate ut, ultrices vel, augue. Vestibulum ante ipsum primis in faucibus orci luctus et ultrices posuere cubilia Curae; Donec pharetra, magna vestibulum aliquet ultrices, erat tortor sollicitudin mi, sit amet lobortis sapien sapien non mi. Integer ac neque.');
insert into Review (cws_id, coworker_id, rating, title, comment) values (40, 61, 3.27, 'background', 'Curabitur at ipsum ac tellus semper interdum. Mauris ullamcorper purus sit amet nulla. Quisque arcu libero, rutrum ac, lobortis vel, dapibus at, diam.');
insert into Review (cws_id, coworker_id, rating, title, comment) values (18, 89, 1.07, 'fault-tolerant', 'Proin leo odio, porttitor id, consequat in, consequat ut, nulla. Sed accumsan felis. Ut at dolor quis odio consequat varius.');
insert into Review (cws_id, coworker_id, rating, title, comment) values (74, 96, 4.96, 'capability', 'In congue. Etiam justo. Etiam pretium iaculis justo.');
insert into Review (cws_id, coworker_id, rating, title, comment) values (23, 35, 1.74, 'attitude-oriented', 'Pellentesque at nulla. Suspendisse potenti. Cras in purus eu magna vulputate luctus.');
insert into Review (cws_id, coworker_id, rating, title, comment) values (9, 48, 4.66, 'Synergized', 'Quisque porta volutpat erat. Quisque erat eros, viverra eget, congue eget, semper rutrum, nulla. Nunc purus.');
insert into Review (cws_id, coworker_id, rating, title, comment) values (18, 58, 4.0, 'User-centric', 'Nullam sit amet turpis elementum ligula vehicula consequat. Morbi a ipsum. Integer a nibh.');
insert into Review (cws_id, coworker_id, rating, title, comment) values (37, 85, 1.71, 'Enhanced', 'Curabitur in libero ut massa volutpat convallis. Morbi odio odio, elementum eu, interdum eu, tincidunt in, leo. Maecenas pulvinar lobortis est.');
insert into Review (cws_id, coworker_id, rating, title, comment) values (66, 83, 4.75, 'context-sensitive', 'Sed ante. Vivamus tortor. Duis mattis egestas metus.');
insert into Review (cws_id, coworker_id, rating, title, comment) values (94, 58, 1.87, 'process improvement', 'Sed ante. Vivamus tortor. Duis mattis egestas metus.');
insert into Review (cws_id, coworker_id, rating, title, comment) values (60, 87, 1.55, 'solution', 'Integer tincidunt ante vel ipsum. Praesent blandit lacinia erat. Vestibulum sed magna at nunc commodo placerat.');
insert into Review (cws_id, coworker_id, rating, title, comment) values (43, 25, 2.89, 'disintermediate', 'Vestibulum ac est lacinia nisi venenatis tristique. Fusce congue, diam id ornare imperdiet, sapien urna pretium nisl, ut volutpat sapien arcu sed augue. Aliquam erat volutpat.');
insert into Review (cws_id, coworker_id, rating, title, comment) values (55, 54, 4.93, 'asymmetric', 'Quisque porta volutpat erat. Quisque erat eros, viverra eget, congue eget, semper rutrum, nulla. Nunc purus.');
insert into Review (cws_id, coworker_id, rating, title, comment) values (65, 26, 4.18, 'composite', 'Quisque id justo sit amet sapien dignissim vestibulum. Vestibulum ante ipsum primis in faucibus orci luctus et ultrices posuere cubilia Curae; Nulla dapibus dolor vel est. Donec odio justo, sollicitudin ut, suscipit a, feugiat et, eros.');
insert into Review (cws_id, coworker_id, rating, title, comment) values (35, 44, 4.81, 'Future-proofed', 'Proin leo odio, porttitor id, consequat in, consequat ut, nulla. Sed accumsan felis. Ut at dolor quis odio consequat varius.');
insert into Review (cws_id, coworker_id, rating, title, comment) values (74, 73, 3.62, 'open architecture', 'Cras mi pede, malesuada in, imperdiet et, commodo vulputate, justo. In blandit ultrices enim. Lorem ipsum dolor sit amet, consectetuer adipiscing elit.');
insert into Review (cws_id, coworker_id, rating, title, comment) values (91, 39, 3.97, 'model', 'Integer ac leo. Pellentesque ultrices mattis odio. Donec vitae nisi.');
insert into Review (cws_id, coworker_id, rating, title, comment) values (94, 75, 3.55, 'analyzer', 'Cras non velit nec nisi vulputate nonummy. Maecenas tincidunt lacus at velit. Vivamus vel nulla eget eros elementum pellentesque.');
insert into Review (cws_id, coworker_id, rating, title, comment) values (48, 23, 3.12, 'open system', 'Vestibulum ac est lacinia nisi venenatis tristique. Fusce congue, diam id ornare imperdiet, sapien urna pretium nisl, ut volutpat sapien arcu sed augue. Aliquam erat volutpat.');
insert into Review (cws_id, coworker_id, rating, title, comment) values (28, 72, 4.01, 'knowledge user', 'Nulla ut erat id mauris vulputate elementum. Nullam varius. Nulla facilisi.');
insert into Review (cws_id, coworker_id, rating, title, comment) values (95, 56, 1.93, 'Visionary', 'Duis consequat dui nec nisi volutpat eleifend. Donec ut dolor. Morbi vel lectus in quam fringilla rhoncus.');
insert into Review (cws_id, coworker_id, rating, title, comment) values (89, 76, 4.05, 'Streamlined', 'Maecenas leo odio, condimentum id, luctus nec, molestie sed, justo. Pellentesque viverra pede ac diam. Cras pellentesque volutpat dui.');
insert into Review (cws_id, coworker_id, rating, title, comment) values (59, 40, 2.45, 'scalable', 'Sed sagittis. Nam congue, risus semper porta volutpat, quam pede lobortis ligula, sit amet eleifend pede libero quis orci. Nullam molestie nibh in lectus.');
insert into Review (cws_id, coworker_id, rating, title, comment) values (62, 36, 3.27, 'Operative', 'In sagittis dui vel nisl. Duis ac nibh. Fusce lacus purus, aliquet at, feugiat non, pretium quis, lectus.');
insert into Review (cws_id, coworker_id, rating, title, comment) values (66, 54, 2.08, 'multimedia', 'Aenean fermentum. Donec ut mauris eget massa tempor convallis. Nulla neque libero, convallis eget, eleifend luctus, ultricies eu, nibh.');
insert into Review (cws_id, coworker_id, rating, title, comment) values (3, 11, 2.39, 'toolset', 'Morbi non lectus. Aliquam sit amet diam in magna bibendum imperdiet. Nullam orci pede, venenatis non, sodales sed, tincidunt eu, felis.');
insert into Review (cws_id, coworker_id, rating, title, comment) values (10, 12, 2.86, 'model', 'Sed ante. Vivamus tortor. Duis mattis egestas metus.');
insert into Review (cws_id, coworker_id, rating, title, comment) values (86, 67, 3.93, 'secured line', 'Maecenas leo odio, condimentum id, luctus nec, molestie sed, justo. Pellentesque viverra pede ac diam. Cras pellentesque volutpat dui.');
insert into Review (cws_id, coworker_id, rating, title, comment) values (30, 37, 2.15, 'Operative', 'Curabitur in libero ut massa volutpat convallis. Morbi odio odio, elementum eu, interdum eu, tincidunt in, leo. Maecenas pulvinar lobortis est.');
insert into Review (cws_id, coworker_id, rating, title, comment) values (27, 51, 1.15, 'neural-net', 'In hac habitasse platea dictumst. Etiam faucibus cursus urna. Ut tellus.');
insert into Review (cws_id, coworker_id, rating, title, comment) values (89, 47, 2.73, 'Digitized', 'Nulla ut erat id mauris vulputate elementum. Nullam varius. Nulla facilisi.');
insert into Review (cws_id, coworker_id, rating, title, comment) values (63, 88, 4.74, 'Digitized', 'In hac habitasse platea dictumst. Morbi vestibulum, velit id pretium iaculis, diam erat fermentum justo, nec condimentum neque sapien placerat ante. Nulla justo.');
insert into Review (cws_id, coworker_id, rating, title, comment) values (99, 11, 4.01, 'solution', 'Lorem ipsum dolor sit amet, consectetuer adipiscing elit. Proin risus. Praesent lectus.');
insert into Review (cws_id, coworker_id, rating, title, comment) values (72, 20, 3.89, 'hybrid', 'Nulla ut erat id mauris vulputate elementum. Nullam varius. Nulla facilisi.');
insert into Review (cws_id, coworker_id, rating, title, comment) values (19, 21, 1.39, 'customer loyalty', 'Maecenas tristique, est et tempus semper, est quam pharetra magna, ac consequat metus sapien ut nunc. Vestibulum ante ipsum primis in faucibus orci luctus et ultrices posuere cubilia Curae; Mauris viverra diam vitae quam. Suspendisse potenti.');
insert into Review (cws_id, coworker_id, rating, title, comment) values (93, 37, 2.6, 'application', 'Proin interdum mauris non ligula pellentesque ultrices. Phasellus id sapien in sapien iaculis congue. Vivamus metus arcu, adipiscing molestie, hendrerit at, vulputate vitae, nisl.');
insert into Review (cws_id, coworker_id, rating, title, comment) values (41, 70, 1.55, 'productivity', 'Phasellus in felis. Donec semper sapien a libero. Nam dui.');
insert into Review (cws_id, coworker_id, rating, title, comment) values (93, 46, 3.96, 'array', 'Suspendisse potenti. In eleifend quam a odio. In hac habitasse platea dictumst.');
insert into Review (cws_id, coworker_id, rating, title, comment) values (86, 51, 2.12, 'solution-oriented', 'Cras non velit nec nisi vulputate nonummy. Maecenas tincidunt lacus at velit. Vivamus vel nulla eget eros elementum pellentesque.');
insert into Review (cws_id, coworker_id, rating, title, comment) values (50, 9, 2.41, 'throughput', 'Proin eu mi. Nulla ac enim. In tempor, turpis nec euismod scelerisque, quam turpis adipiscing lorem, vitae mattis nibh ligula nec sem.');
insert into Review (cws_id, coworker_id, rating, title, comment) values (79, 50, 4.59, 'internet solution', 'Aenean fermentum. Donec ut mauris eget massa tempor convallis. Nulla neque libero, convallis eget, eleifend luctus, ultricies eu, nibh.');
insert into Review (cws_id, coworker_id, rating, title, comment) values (6, 44, 2.92, 'asymmetric', 'Aenean lectus. Pellentesque eget nunc. Donec quis orci eget orci vehicula condimentum.');
insert into Review (cws_id, coworker_id, rating, title, comment) values (62, 53, 2.66, 'emulation', 'Curabitur in libero ut massa volutpat convallis. Morbi odio odio, elementum eu, interdum eu, tincidunt in, leo. Maecenas pulvinar lobortis est.');
insert into Review (cws_id, coworker_id, rating, title, comment) values (11, 24, 4.89, 'coherent', 'Mauris enim leo, rhoncus sed, vestibulum sit amet, cursus id, turpis. Integer aliquet, massa id lobortis convallis, tortor risus dapibus augue, vel accumsan tellus nisi eu orci. Mauris lacinia sapien quis libero.');
insert into Review (cws_id, coworker_id, rating, title, comment) values (63, 69, 2.32, 'Exclusive', 'Praesent blandit. Nam nulla. Integer pede justo, lacinia eget, tincidunt eget, tempus vel, pede.');
insert into Review (cws_id, coworker_id, rating, title, comment) values (18, 6, 1.45, 'regional', 'Phasellus in felis. Donec semper sapien a libero. Nam dui.');
insert into Review (cws_id, coworker_id, rating, title, comment) values (80, 51, 3.06, 'Triple-buffered', 'Duis bibendum, felis sed interdum venenatis, turpis enim blandit mi, in porttitor pede justo eu massa. Donec dapibus. Duis at velit eu est congue elementum.');
insert into Review (cws_id, coworker_id, rating, title, comment) values (54, 27, 1.35, 'Triple-buffered', 'Curabitur in libero ut massa volutpat convallis. Morbi odio odio, elementum eu, interdum eu, tincidunt in, leo. Maecenas pulvinar lobortis est.');
insert into Review (cws_id, coworker_id, rating, title, comment) values (58, 36, 3.35, 'Reduced', 'Aenean fermentum. Donec ut mauris eget massa tempor convallis. Nulla neque libero, convallis eget, eleifend luctus, ultricies eu, nibh.');
insert into Review (cws_id, coworker_id, rating, title, comment) values (61, 85, 2.97, 'homogeneous', 'Maecenas tristique, est et tempus semper, est quam pharetra magna, ac consequat metus sapien ut nunc. Vestibulum ante ipsum primis in faucibus orci luctus et ultrices posuere cubilia Curae; Mauris viverra diam vitae quam. Suspendisse potenti.');
insert into Review (cws_id, coworker_id, rating, title, comment) values (10, 93, 3.79, 'concept', 'Curabitur in libero ut massa volutpat convallis. Morbi odio odio, elementum eu, interdum eu, tincidunt in, leo. Maecenas pulvinar lobortis est.');
insert into Review (cws_id, coworker_id, rating, title, comment) values (96, 5, 1.8, '6th generation', 'Praesent id massa id nisl venenatis lacinia. Aenean sit amet justo. Morbi ut odio.');
insert into Review (cws_id, coworker_id, rating, title, comment) values (48, 41, 1.22, 'Focused', 'Suspendisse potenti. In eleifend quam a odio. In hac habitasse platea dictumst.');
insert into Review (cws_id, coworker_id, rating, title, comment) values (68, 52, 4.46, 'motivating', 'Aenean fermentum. Donec ut mauris eget massa tempor convallis. Nulla neque libero, convallis eget, eleifend luctus, ultricies eu, nibh.');
insert into Review (cws_id, coworker_id, rating, title, comment) values (16, 70, 4.25, 'functionalities', 'Nullam porttitor lacus at turpis. Donec posuere metus vitae ipsum. Aliquam non mauris.');
insert into Review (cws_id, coworker_id, rating, title, comment) values (77, 37, 1.89, 'Multi-channelled', 'Duis bibendum, felis sed interdum venenatis, turpis enim blandit mi, in porttitor pede justo eu massa. Donec dapibus. Duis at velit eu est congue elementum.');
insert into Review (cws_id, coworker_id, rating, title, comment) values (4, 93, 2.6, 'benchmark', 'Suspendisse potenti. In eleifend quam a odio. In hac habitasse platea dictumst.');
insert into Review (cws_id, coworker_id, rating, title, comment) values (5, 35, 4.81, 'Decentralized', 'Aenean fermentum. Donec ut mauris eget massa tempor convallis. Nulla neque libero, convallis eget, eleifend luctus, ultricies eu, nibh.');
insert into Review (cws_id, coworker_id, rating, title, comment) values (14, 61, 1.63, 'tertiary', 'Integer tincidunt ante vel ipsum. Praesent blandit lacinia erat. Vestibulum sed magna at nunc commodo placerat.');
insert into Review (cws_id, coworker_id, rating, title, comment) values (43, 33, 1.98, 'transitional', 'Morbi non lectus. Aliquam sit amet diam in magna bibendum imperdiet. Nullam orci pede, venenatis non, sodales sed, tincidunt eu, felis.');
insert into Review (cws_id, coworker_id, rating, title, comment) values (34, 76, 4.11, 'content-based', 'Curabitur gravida nisi at nibh. In hac habitasse platea dictumst. Aliquam augue quam, sollicitudin vitae, consectetuer eget, rutrum at, lorem.');
insert into Review (cws_id, coworker_id, rating, title, comment) values (17, 65, 3.86, 'systematic', 'Aenean lectus. Pellentesque eget nunc. Donec quis orci eget orci vehicula condimentum.');
insert into Review (cws_id, coworker_id, rating, title, comment) values (63, 51, 4.03, 'well-modulated', 'Mauris enim leo, rhoncus sed, vestibulum sit amet, cursus id, turpis. Integer aliquet, massa id lobortis convallis, tortor risus dapibus augue, vel accumsan tellus nisi eu orci. Mauris lacinia sapien quis libero.');
insert into Review (cws_id, coworker_id, rating, title, comment) values (54, 23, 3.52, 'secondary', 'Aenean lectus. Pellentesque eget nunc. Donec quis orci eget orci vehicula condimentum.');
insert into Review (cws_id, coworker_id, rating, title, comment) values (79, 66, 4.68, 'Streamlined', 'Donec diam neque, vestibulum eget, vulputate ut, ultrices vel, augue. Vestibulum ante ipsum primis in faucibus orci luctus et ultrices posuere cubilia Curae; Donec pharetra, magna vestibulum aliquet ultrices, erat tortor sollicitudin mi, sit amet lobortis sapien sapien non mi. Integer ac neque.');
insert into Review (cws_id, coworker_id, rating, title, comment) values (50, 38, 1.32, 'analyzer', 'Aenean lectus. Pellentesque eget nunc. Donec quis orci eget orci vehicula condimentum.');
insert into Review (cws_id, coworker_id, rating, title, comment) values (11, 74, 2.48, 'customer loyalty', 'Quisque porta volutpat erat. Quisque erat eros, viverra eget, congue eget, semper rutrum, nulla. Nunc purus.');
insert into Review (cws_id, coworker_id, rating, title, comment) values (95, 3, 3.61, 'Polarised', 'Nullam sit amet turpis elementum ligula vehicula consequat. Morbi a ipsum. Integer a nibh.');
insert into Review (cws_id, coworker_id, rating, title, comment) values (28, 17, 4.18, 'Synchronised', 'Quisque porta volutpat erat. Quisque erat eros, viverra eget, congue eget, semper rutrum, nulla. Nunc purus.');
insert into Review (cws_id, coworker_id, rating, title, comment) values (93, 28, 4.91, 'bandwidth-monitored', 'Nullam sit amet turpis elementum ligula vehicula consequat. Morbi a ipsum. Integer a nibh.');
insert into Review (cws_id, coworker_id, rating, title, comment) values (98, 41, 3.53, 'service-desk', 'Duis bibendum. Morbi non quam nec dui luctus rutrum. Nulla tellus.');
insert into Review (cws_id, coworker_id, rating, title, comment) values (33, 32, 4.28, 'encryption', 'Curabitur in libero ut massa volutpat convallis. Morbi odio odio, elementum eu, interdum eu, tincidunt in, leo. Maecenas pulvinar lobortis est.');
insert into Review (cws_id, coworker_id, rating, title, comment) values (92, 75, 1.76, 'Graphical User Interface', 'Phasellus in felis. Donec semper sapien a libero. Nam dui.');
insert into Review (cws_id, coworker_id, rating, title, comment) values (62, 33, 1.35, 'definition', 'Integer tincidunt ante vel ipsum. Praesent blandit lacinia erat. Vestibulum sed magna at nunc commodo placerat.');